Success,SendDatetime,ReceivedDatetime,ResponseTime,StatusCode,MemoryUsage,AuthMemoryUsage,WebsocketMemoryUsage,WebGatewayMemoryUsage,JobMemoryUsage,UserProfileMemoryUsage,UserPreferenceMemoryUsage,OrganizationMemoryUsage,TeamMemoryUsage,PlanMemoryUsage,StorageMemoryUsage
true,2024-12-09T02:04:40.090953453+09:00,2024-12-09T02:04:40.219022917+09:00,128,200,842.70902822372,842.70902822372,2293420.0764975124,1888842.3562957682,5031077.286472596,2103848.135528831,2092709.1343081167,8994124.403870557,6698082.720172773,2195133.906609829,2171135.298620091
true,2024-12-09T02:04:45.090009615+09:00,2024-12-09T02:04:45.125668635+09:00,35,200,852.8836316106069,852.8836316106069,2226114.0589802703,1774751.0311911807,5031077.286472596,2103848.135528831,25.657247734006503,7205989.260848341,6575799.308641976,2131724.7478890736,2259500.4078141875
true,2024-12-09T02:04:50.089920355+09:00,2024-12-09T02:04:50.111742552+09:00,21,200,1657.4683070307358,1657.4683070307358,2169683.884715658,1722472.0721963726,4478625.118384883,2386616.5676807673,25.657247734006503,6703875.929152428,6726523.255667108,2136877.4932201244,2280961.702537539
true,2024-12-09T02:04:55.089750185+09:00,2024-12-09T02:04:55.111771639+09:00,22,200,1657.4683070307358,1657.4683070307358,2375083.773693092,1822659.9758781663,5041015.699658702,2221984.2211138993,46.6289096963315,7120627.693342453,6726523.25566711,2187178.029253299,2241963.044793068
true,2024-12-09T02:05:00.089907651+09:00,2024-12-09T02:05:00.117077112+09:00,27,200,1789.9295590920951,1789.9295590920951,4363371.953081497,1822659.9758781658,5041015.699658704,2154609.9928874085,50.32342877502503,7002000.499026897,6361814.901702202,2154000.5940149957,2137094.1854270184
true,2024-12-09T02:05:05.090143658+09:00,2024-12-09T02:05:05.124196171+09:00,34,200,1649.9051375159836,1649.9051375159836,4363371.953081497,1884515.4820069873,5041015.699658702,2154609.992887408,50.32342877502503,7002000.499026897,4526537.97691792,2216694.4842314897,2235188.7275441317
true,2024-12-09T02:05:10.089895947+09:00,2024-12-09T02:05:10.110393639+09:00,20,200,1788.3978010201045,1788.3978010201045,4764702.989720384,1828355.8782741057,4619503.561983274,2183490.6621619323,55.661249116703814,7033669.065469144,4438916.167739516,2125097.459020805,2259378.1146573075
true,2024-12-09T02:05:15.089993522+09:00,2024-12-09T02:05:15.117788032+09:00,27,200,1788.3978010201045,1788.3978010201045,4409632.0288119875,1784202.5137019362,2599635.5113351806,2118740.9459806583,50.9899849992842,7033669.065469144,4438916.167739516,2125097.459020805,4318587.259033817
true,2024-12-09T02:05:20.09023524+09:00,2024-12-09T02:05:20.110981242+09:00,20,200,1727.488325468815,1727.488325468815,4309624.516541095,1784202.5137019362,4842874.877767743,2307842.29203972,50.9899849992842,7033669.065469146,4601437.173555219,24.82424242424242,4318587.259033817
true,2024-12-09T02:05:25.090418308+09:00,2024-12-09T02:05:25.107740678+09:00,17,200,1727.488325468815,1727.488325468815,4727817.772501087,1840759.146111488,4842874.877767744,2307842.29203972,49.328596375022585,6589772.256950424,4601437.173555218,25.55141355019959,2186298.7851851853
true,2024-12-09T02:05:30.089539668+09:00,2024-12-09T02:05:30.108096489+09:00,18,200,1015.3387504390521,1015.3387504390521,4408029.4916518275,1840759.146111488,4513967.4307933375,2162563.6394698946,49.328596375022585,7179624.463080384,4287140.236797141,24.96191114632214,2253536.6671337467
true,2024-12-09T02:05:35.090919442+09:00,2024-12-09T02:05:35.115821052+09:00,24,200,985.0400317380901,985.0400317380901,4276596.157576298,1840759.146111488,5054736.409188521,2162563.6394698946,49.328596375022585,7179624.463080384,4601559.727559636,24.96191114632214,2157291.208399649
true,2024-12-09T02:05:40.090852387+09:00,2024-12-09T02:05:40.113248972+09:00,22,200,2363125.1899867235,2363125.1899867235,7008652.742954248,8731.529744147705,4650430.126324613,2166476.4419667963,54.90359031412736,6666137.721480875,4256150.378824207,25.3604443962768,2157291.208399649
true,2024-12-09T02:05:45.090559983+09:00,2024-12-09T02:05:45.112947315+09:00,22,200,2682090.615901761,2682090.615901761,7008652.742954248,8973.361070711906,4650430.126324613,2166476.4419667963,99.64118469865596,7219448.305160056,4256150.378824206,24.602981698112536,2183306.2203271757
true,2024-12-09T02:05:50.090447548+09:00,2024-12-09T02:05:50.115631256+09:00,25,200,2496936.1325782645,2496936.1325782645,6540147.192725315,8973.361070711906,2574205.4908595826,2189306.813268269,99.64118469865595,7067747.305637869,2244973.462264739,24.357754519505235,2119457.749502288
true,2024-12-09T02:05:55.090788538+09:00,2024-12-09T02:05:55.109784865+09:00,18,200,2422523.018490412,2422523.018490412,7249987.094549337,9503.768144037609,2419070.99695293,2189306.813268269,106.66875004069091,7067747.305637869,2179260.284924284,25.281096705543334,2264824.225496125
true,2024-12-09T02:06:00.090124918+09:00,2024-12-09T02:06:00.117071997+09:00,26,200,4806726.261626272,4806726.261626272,9010799.85655459,9503.768144037607,2290012.7370573166,2189306.8132682685,98.88677088841675,4758954.901201576,2193015.330261517,24.079528285803306,2144323.5186077897
true,2024-12-09T02:06:05.090332263+09:00,2024-12-09T02:06:05.11153177+09:00,21,200,5043476.134990986,5043476.134990986,9010799.85655459,10061.162830684583,2290012.737057317,2270236.2028245074,2265723.4384298865,4758954.901201576,2169721.742222222,24.079528285803306,2160987.2218917315
true,2024-12-09T02:06:10.090371483+09:00,2024-12-09T02:06:10.117122247+09:00,26,200,4884150.120463973,4884150.120463973,8906044.302222222,10061.162830684583,2550320.39133766,2232230.6127461786,2265723.4384298865,4758954.901201576,4358505.438385426,0,2160987.2218917315
true,2024-12-09T02:06:15.090343878+09:00,2024-12-09T02:06:15.11823682+09:00,27,200,4884150.120463973,4884150.120463973,9132215.810203852,10061.162830684583,2382117.552038639,2232230.6127461786,2095860.7773265932,4397198.978590989,4358505.438385426,0,2160987.2218917315
true,2024-12-09T02:06:20.090103132+09:00,2024-12-09T02:06:20.108968946+09:00,18,200,7246833.147209875,7246833.147209875,8877798.107908892,10396.42490781803,2320236.9734882335,2187719.1111111105,2345676.7850754573,2409155.8166471487,4358505.438385426,0,2204010.6656048005
true,2024-12-09T02:06:25.090683076+09:00,2024-12-09T02:06:25.108690222+09:00,18,200,7694637.540685273,7694637.540685273,8877798.107908892,12353.998370677162,2479067.7295247577,2255841.0376425,2345676.7850754573,2409155.8166471487,4361648.446851023,0,2164684.4128215667
true,2024-12-09T02:06:30.090869315+09:00,2024-12-09T02:06:30.120827183+09:00,29,200,7229135.480866298,7229135.480866298,8857617.73769077,12353.998370677162,2338767.0248315665,2228015.942666751,2174036.9541477757,2268104.4280521013,4360807.418780323,0,2311182.8673953707
true,2024-12-09T02:06:35.089920838+09:00,2024-12-09T02:06:35.110609482+09:00,20,200,7015566.541125947,7015566.541125947,8857617.73769077,12586.336833400892,2338767.0248315665,2100034.993560068,4184516.238831371,2201236.969941162,4412909.019474012,0,2068749.0731407288
true,2024-12-09T02:06:40.090419795+09:00,2024-12-09T02:06:40.108600205+09:00,18,200,7419044.413418362,7419044.413418362,8808896.851445531,12208.79394014522,2338767.0248315665,52.035825446230064,4713795.99661836,2334710.0919821123,4192595.559754369,0,2271838.294891679
true,2024-12-09T02:06:45.090078649+09:00,2024-12-09T02:06:45.109240332+09:00,19,200,7419044.413418362,7419044.413418362,8808896.851445531,13307.45493523355,2582477.3538783593,52.035825446230064,4251725.173972824,2334710.0919821123,4192595.559754369,0,2271838.294891679
true,2024-12-09T02:06:50.090533418+09:00,2024-12-09T02:06:50.110214124+09:00,19,200,6853978.886209802,6853978.886209802,9308125.779536935,15067.369558231285,2385175.3923338125,48.912134890497,4251725.1739728255,17755.91955016785,2368687.455799741,0,2155621.1447841097
true,2024-12-09T02:06:55.090618388+09:00,2024-12-09T02:06:55.111169605+09:00,20,200,7481054.842473746,7481054.842473746,9202794.319218053,15333.082067956639,2385175.3923338125,48.912134890497,4251725.173972824,17755.91955016785,2200448.7973766136,0,2250208.17305012
true,2024-12-09T02:07:00.090613178+09:00,2024-12-09T02:07:00.108085233+09:00,17,200,6978824.487091508,6978824.487091508,8854256.304946141,15333.082067956639,2373268.7547560344,54.85102109139605,4817376.1743756505,19320.504003218146,2091455.8778482054,0,2250208.17305012
true,2024-12-09T02:07:05.090551809+09:00,2024-12-09T02:07:05.109019019+09:00,18,200,6978824.487091508,6978824.487091508,8854256.304946141,14150.053861813982,2373268.7547560344,50.95766514153926,4362766.163514263,19320.504003218146,2207046.0230745585,0,2115881.541572383
true,2024-12-09T02:07:10.089689502+09:00,2024-12-09T02:07:10.108902917+09:00,19,200,7854480.218390038,7854480.218390038,6794605.021660448,15595.983274292232,2373268.7547560344,49.465014612467705,4362766.163514263,17561.545341758276,2351738.0107042547,24.492920015308073,2299052.2564675664
true,2024-12-09T02:07:15.089926893+09:00,2024-12-09T02:07:15.116416482+09:00,26,200,7284528.588542809,7284528.588542809,6594665.354753784,16221.362289204963,2573337.5935779456,49.465014612467705,4362766.163514263,19516.76991547706,2183698.4907127335,26.092163432750255,2258055.1991645526
true,2024-12-09T02:07:20.090243894+09:00,2024-12-09T02:07:20.111370753+09:00,21,200,7260992.3553235745,7260992.3553235745,6484707.813658332,15201.822633724616,2283107.2428455963,26.116346355012904,4596003.256801452,19516.76991547706,2083062.5674724241,24.408073735276087,2145596.067222727
true,2024-12-09T02:07:25.090421518+09:00,2024-12-09T02:07:25.110857347+09:00,20,200,7208209.066666667,7208209.066666667,7354283.269424822,15649.340834662858,2283107.2428455963,25.34085144256516,4463610.59737902,18353.02829601698,2213217.458832213,25.849409832823625,2144821.317021616
true,2024-12-09T02:07:30.090077878+09:00,2024-12-09T02:07:30.112027462+09:00,21,200,7334853.461516935,7334853.461516935,9116209.875848265,15373.129599213475,2278997.6496190615,50.425961491111444,4463610.59737902,32027.307547282147,2339773.190984579,75.202418619453,2144821.317021616
