Success,SendDatetime,ReceivedDatetime,ResponseTime,StatusCode,PostgresMemoryUsage,AuthPostgresMemoryUsage,WebsocketPostgresMemoryUsage,WebGatewayPostgresMemoryUsage,JobPostgresMemoryUsage,UserProfilePostgresMemoryUsage,UserPreferencePostgresMemoryUsage,OrganizationPostgresMemoryUsage,TeamPostgresMemoryUsage,PlanPostgresMemoryUsage,StoragePostgresMemoryUsage
true,2024-12-10T03:03:03.180863666+09:00,2024-12-10T03:03:03.357221364+09:00,176,200,265502720,73359360,138276864,<nil>,373227520,140709888,80494592,265502720,256323584,174084096,161579008
true,2024-12-10T03:03:08.181804169+09:00,2024-12-10T03:03:08.22201278+09:00,40,200,265502720,73367552,138276864,<nil>,373227520,140709888,80494592,265502720,256323584,174084096,161579008
true,2024-12-10T03:03:13.181532743+09:00,2024-12-10T03:03:13.20537424+09:00,23,200,265502720,73367552,138276864,<nil>,373747712,140709888,80494592,265502720,256323584,174075904,161566720
true,2024-12-10T03:03:18.181940949+09:00,2024-12-10T03:03:18.266399507+09:00,84,200,265502720,73367552,138305536,<nil>,373747712,140709888,80494592,265502720,256323584,174075904,161566720
true,2024-12-10T03:03:23.180841945+09:00,2024-12-10T03:03:23.271372644+09:00,90,200,265502720,73367552,138305536,<nil>,374046720,140709888,80494592,265502720,256323584,174071808,162861056
true,2024-12-10T03:03:28.180979482+09:00,2024-12-10T03:03:28.230061366+09:00,49,200,265502720,73367552,138330112,<nil>,374046720,140709888,80494592,265502720,256323584,174071808,162861056
true,2024-12-10T03:03:33.181345292+09:00,2024-12-10T03:03:33.294329157+09:00,112,200,265502720,73367552,138330112,<nil>,374046720,140709888,80494592,265502720,256323584,174071808,162861056
true,2024-12-10T03:03:38.182115591+09:00,2024-12-10T03:03:38.203300773+09:00,21,200,265502720,73375744,138330112,<nil>,374046720,140709888,80494592,265502720,256327680,174071808,162861056
true,2024-12-10T03:03:43.181008358+09:00,2024-12-10T03:03:43.212159734+09:00,31,200,265502720,73375744,138330112,<nil>,374251520,140709888,80494592,265502720,256327680,174059520,163102720
true,2024-12-10T03:03:48.180829111+09:00,2024-12-10T03:03:48.236482512+09:00,55,200,265502720,73375744,138350592,<nil>,374251520,140709888,80494592,265502720,256327680,174059520,163102720
true,2024-12-10T03:03:53.181528501+09:00,2024-12-10T03:03:53.245778887+09:00,64,200,265502720,73375744,138350592,<nil>,374489088,140709888,80494592,265502720,256327680,174059520,163295232
true,2024-12-10T03:03:58.180827958+09:00,2024-12-10T03:03:58.210839953+09:00,30,200,265502720,73371648,138350592,<nil>,374489088,140709888,81997824,265502720,256327680,174059520,163295232
true,2024-12-10T03:04:03.180770968+09:00,2024-12-10T03:04:03.208700981+09:00,27,200,265502720,73371648,138350592,<nil>,374489088,140709888,81997824,265502720,256327680,174059520,163446784
true,2024-12-10T03:04:08.180595226+09:00,2024-12-10T03:04:08.209654036+09:00,29,200,265502720,73371648,138375168,<nil>,374489088,140709888,81997824,265502720,256323584,174059520,163446784
true,2024-12-10T03:04:13.180557881+09:00,2024-12-10T03:04:13.211809557+09:00,31,200,265736192,73371648,138375168,<nil>,374767616,140709888,81997824,265736192,256323584,174059520,163446784
true,2024-12-10T03:04:18.181468847+09:00,2024-12-10T03:04:18.214764058+09:00,33,200,265736192,73371648,138375168,<nil>,374767616,140709888,80494592,265736192,256323584,174059520,163446784
true,2024-12-10T03:04:23.182271223+09:00,2024-12-10T03:04:23.336017724+09:00,153,200,265736192,73371648,138375168,<nil>,374960128,140709888,80494592,265736192,256323584,174059520,163700736
true,2024-12-10T03:04:28.180995536+09:00,2024-12-10T03:04:28.212674916+09:00,31,200,265736192,73371648,138412032,<nil>,374960128,140709888,80494592,265736192,256323584,174059520,163700736
true,2024-12-10T03:04:33.180724359+09:00,2024-12-10T03:04:33.207305459+09:00,26,200,265502720,73371648,138412032,<nil>,375156736,140709888,80494592,265502720,256323584,174059520,163962880
true,2024-12-10T03:04:38.180830672+09:00,2024-12-10T03:04:38.208304479+09:00,27,200,265502720,73371648,138412032,<nil>,375156736,140709888,80494592,265502720,256323584,174059520,163962880
true,2024-12-10T03:04:43.180617347+09:00,2024-12-10T03:04:43.204535661+09:00,23,200,265523200,73371648,138412032,<nil>,375410688,140709888,80494592,265523200,256323584,174059520,163962880
true,2024-12-10T03:04:48.181150496+09:00,2024-12-10T03:04:48.201858112+09:00,20,200,265523200,73396224,138448896,<nil>,375410688,140709888,80494592,265523200,256323584,174059520,163962880
true,2024-12-10T03:04:53.181025865+09:00,2024-12-10T03:04:53.231331235+09:00,50,200,265523200,73396224,138448896,<nil>,375410688,140709888,80494592,265523200,256323584,174059520,164249600
true,2024-12-10T03:04:58.182505823+09:00,2024-12-10T03:04:58.209765449+09:00,27,200,265523200,73371648,138481664,<nil>,375410688,140709888,80494592,265523200,256323584,174059520,164249600
true,2024-12-10T03:05:03.18124934+09:00,2024-12-10T03:05:03.212249345+09:00,30,200,265502720,73371648,138481664,<nil>,375607296,140709888,80494592,265502720,256323584,174059520,164249600
true,2024-12-10T03:05:08.181551618+09:00,2024-12-10T03:05:08.225029504+09:00,43,200,265502720,73371648,138465280,<nil>,375607296,140709888,80494592,265502720,256323584,174059520,164249600
true,2024-12-10T03:05:13.180996386+09:00,2024-12-10T03:05:13.208025842+09:00,27,200,265502720,73371648,138465280,<nil>,375742464,140709888,80494592,265502720,256323584,174018560,164528128
true,2024-12-10T03:05:18.181015611+09:00,2024-12-10T03:05:18.202089884+09:00,21,200,265502720,73371648,138522624,<nil>,375742464,140709888,80494592,265502720,256323584,174018560,164528128
true,2024-12-10T03:05:23.180790633+09:00,2024-12-10T03:05:23.247440438+09:00,66,200,265510912,73371648,138522624,<nil>,375742464,140709888,80494592,265510912,256323584,174018560,164728832
true,2024-12-10T03:05:28.1826716+09:00,2024-12-10T03:05:28.208923033+09:00,26,200,265510912,73371648,138522624,<nil>,375742464,140709888,80494592,265510912,256323584,174018560,164728832
true,2024-12-10T03:05:33.181705089+09:00,2024-12-10T03:05:33.283542735+09:00,101,200,265510912,73371648,138522624,<nil>,375832576,140709888,80494592,265510912,256323584,174018560,164728832
true,2024-12-10T03:05:38.181277074+09:00,2024-12-10T03:05:38.216692533+09:00,35,200,265510912,73371648,138530816,<nil>,375832576,140709888,80494592,265510912,256323584,174018560,164728832
true,2024-12-10T03:05:43.180974132+09:00,2024-12-10T03:05:43.205213516+09:00,24,200,265502720,73371648,138530816,<nil>,375832576,140709888,80494592,265502720,256323584,174018560,165081088
true,2024-12-10T03:05:48.180738573+09:00,2024-12-10T03:05:48.220724741+09:00,39,200,265502720,73371648,138563584,<nil>,375832576,140709888,80494592,265502720,256323584,174018560,165081088
true,2024-12-10T03:05:53.181310732+09:00,2024-12-10T03:05:53.216528049+09:00,35,200,265502720,73371648,138563584,<nil>,376037376,140709888,80494592,265502720,256323584,173912064,165257216
