Success,SendDatetime,ReceivedDatetime,ResponseTime,StatusCode,PostgresCPUUsage,AuthPostgresCPUUsage,WebsocketPostgresCPUUsage,WebGatewayPostgresCPUUsage,JobPostgresCPUUsage,UserProfilePostgresCPUUsage,UserPreferencePostgresCPUUsage,OrganizationPostgresCPUUsage,TeamPostgresCPUUsage,PlanPostgresCPUUsage,StoragePostgresCPUUsage
true,2024-12-10T03:03:03.18084621+09:00,2024-12-10T03:03:03.378229079+09:00,197,200,0.015401582154245213,0.016372641677451474,0.01589329319313934,<nil>,0.01665987979055526,0.015820654660296692,0.018118736945253896,0.015401582154245213,0.016283899294206094,0.016792665060654417,0.01587470909090908
true,2024-12-10T03:03:08.181758203+09:00,2024-12-10T03:03:08.222881598+09:00,41,200,0.014958301829455425,0.017877747963176042,0.015434576725785208,<nil>,0.014547310555555585,0.017458703366198928,0.017679121165154108,0.014958301829455425,0.016988483304696926,0.015394437938770714,0.016293854623595342
true,2024-12-10T03:03:13.181468295+09:00,2024-12-10T03:03:13.205365738+09:00,23,200,0.016494656938167183,0.01787774796317605,0.015502399910097532,<nil>,0.017260930092557768,0.016378410825307558,0.017679121165154108,0.016494656938167183,0.017395122526227595,0.016996773110497753,0.017442669419936115
true,2024-12-10T03:03:18.181893156+09:00,2024-12-10T03:03:18.267960547+09:00,86,200,0.01574684807665062,0.01787774796317605,0.01758798528655017,<nil>,0.017260930092557764,0.01588733629673497,0.017293842959780488,0.01574684807665062,0.017638414422471552,0.016996773110497753,0.016207510391636884
true,2024-12-10T03:03:23.180890618+09:00,2024-12-10T03:03:23.27195356+09:00,91,200,0.014710451773988003,0.016379980762054016,0.016514370694695933,<nil>,0.016648232984293302,0.01606353752936064,0.016159976949967746,0.014710451773988003,0.017638414422471552,0.016997129897003676,0.01801118190904546
true,2024-12-10T03:03:28.180944996+09:00,2024-12-10T03:03:28.227450551+09:00,46,200,0.014278638206730513,0.01702781345958589,0.01720115179698817,<nil>,0.017198019009628057,0.01820107206670643,0.01759759800482288,0.014278638206730513,0.018045987945961083,0.017421179401465543,0.01701436305250151
true,2024-12-10T03:03:33.181279082+09:00,2024-12-10T03:03:33.302953319+09:00,121,200,0.01662258810757728,0.01702781345958589,0.017201151796988164,<nil>,0.017198019009628057,0.01706817942877259,0.018097602043778593,0.01662258810757728,0.01701490034802202,0.016318739893356894,0.015281642424242368
true,2024-12-10T03:03:38.181889257+09:00,2024-12-10T03:03:38.205813133+09:00,23,200,0.016622588107577278,0.017459371819451265,0.01720115179698817,<nil>,0.016308386332343647,0.018157414186927026,0.017119059674159803,0.016622588107577278,0.017870158220318694,0.015290192812601952,0.01585655744451696
true,2024-12-10T03:03:43.181055442+09:00,2024-12-10T03:03:43.212250621+09:00,31,200,0.016884802848553964,0.017459371819451265,0.016354384697735855,<nil>,0.01661174380352073,0.018157414186927026,0.016611421936831815,0.016884802848553964,0.01741424653219772,0.01701502793050907,0.01820378796888006
true,2024-12-10T03:03:48.180716865+09:00,2024-12-10T03:03:48.237476005+09:00,56,200,0.01643274158475032,0.017000039247494644,0.017168328573503106,<nil>,0.016611743803520727,0.016930316878310963,0.017299243991671428,0.01643274158475032,0.01765436782420487,0.016177995974433642,0.01704067126366381
true,2024-12-10T03:03:53.181557433+09:00,2024-12-10T03:03:53.207921827+09:00,26,200,0.01643274158475032,0.016079846011960254,0.017168328573503106,<nil>,0.01736149316909168,0.015575153620909556,0.017299243991671428,0.01643274158475032,0.01765436782420487,0.016447046154782576,0.01851282294892985
true,2024-12-10T03:03:58.1807719+09:00,2024-12-10T03:03:58.211374253+09:00,30,200,0.015373350122684107,0.016777884766784164,0.016351699097250448,<nil>,0.01793963458549719,0.017297522241275308,0.018073951079730588,0.015373350122684107,0.01818890263069757,0.017285653524430705,0.017602236326256415
true,2024-12-10T03:04:03.18084695+09:00,2024-12-10T03:04:03.20246756+09:00,21,200,0.016051069595514257,0.016788604539496686,0.015868879355911088,<nil>,0.01702329979588161,0.01612430785735059,0.018073951079730588,0.016051069595514257,0.017062928718290148,0.016895266790580944,0.018297120065692955
true,2024-12-10T03:04:08.181116142+09:00,2024-12-10T03:04:08.210888698+09:00,29,200,0.016051069595514257,0.016969559792228823,0.01764541926378911,<nil>,0.016521588015307207,0.015825211875656928,0.01670039006906794,0.016051069595514257,0.017660855485884162,0.016895266790580944,0.018437075323038073
true,2024-12-10T03:04:13.180806369+09:00,2024-12-10T03:04:13.212270487+09:00,31,200,0.016004432006463655,0.016969559792228823,0.01764541926378911,<nil>,0.018446136717071807,0.015347735957978451,0.01620058518156885,0.016004432006463655,0.01747177157259384,0.016175167591493757,0.01727988424034382
true,2024-12-10T03:04:18.181741927+09:00,2024-12-10T03:04:18.218604219+09:00,36,200,0.014907276225770863,0.017235277847623742,0.01648180189344924,<nil>,0.018446136717071807,0.017107692490805425,0.016788120844035807,0.014907276225770863,0.017974971420967514,0.014981501492815727,0.016924943042424652
true,2024-12-10T03:04:23.181824301+09:00,2024-12-10T03:04:23.334630627+09:00,152,200,0.01579062576234088,0.017235277847623742,0.015984299100317408,<nil>,0.018375843185034265,0.016921146885241795,0.017387105175292236,0.01579062576234088,0.017974971420967507,0.016632256356910218,0.01920975424005419
true,2024-12-10T03:04:28.18114432+09:00,2024-12-10T03:04:28.273956529+09:00,92,200,0.014651906716914338,0.01628788453274691,0.017668463872301844,<nil>,0.018375843185034272,0.01576735498327869,0.01622086509565951,0.014651906716914338,0.01710614962788871,0.016632256356910215,0.017148993939394005
true,2024-12-10T03:04:33.180804187+09:00,2024-12-10T03:04:33.207658513+09:00,26,200,0.01595522902950427,0.01628788453274691,0.017668463872301844,<nil>,0.018251464191324854,0.01568117681394448,0.015740594612706438,0.01595522902950427,0.01595728161204678,0.016311275561059574,0.01859910469119807
true,2024-12-10T03:04:38.180879052+09:00,2024-12-10T03:04:38.209676831+09:00,28,200,0.015364827271617641,0.01628788453274691,0.016459793706237465,<nil>,0.017213256563658706,0.01734694910442051,0.01770421773612123,0.015364827271617641,0.017366162580887898,0.016311275561059574,0.01859910469119807
true,2024-12-10T03:04:43.180525035+09:00,2024-12-10T03:04:43.204595077+09:00,24,200,0.016190990398133577,0.015546131143225395,0.016284955287366183,<nil>,0.017747747315087718,0.01734694910442051,0.015841926422578846,0.016190990398133577,0.017729256832347825,0.016558676243626395,0.017602532802266195
true,2024-12-10T03:04:48.181158158+09:00,2024-12-10T03:04:48.200595901+09:00,19,200,0.016190990398133577,0.01729959856061605,0.018132376770363078,<nil>,0.017747747315087718,0.01563065060159012,0.016610614669888266,0.016190990398133577,0.01673762502415966,0.015453858366490188,0.017958489274695497
true,2024-12-10T03:04:53.180549793+09:00,2024-12-10T03:04:53.230840312+09:00,50,200,0.016811481162682943,0.01729959856061605,0.018132376770363078,<nil>,0.017747747315087718,0.015156443973628224,0.017250544472514933,0.016811481162682943,0.016237167502130993,0.016627066557509264,0.019878317722904774
true,2024-12-10T03:04:58.182417203+09:00,2024-12-10T03:04:58.202555439+09:00,20,200,0.015674044366351086,0.017098974117092196,0.018349574287326614,<nil>,0.017603577722232148,0.017104342007526266,0.017656282608168143,0.015674044366351086,0.016567145674475984,0.015119941147954251,0.019878317722904774
true,2024-12-10T03:05:03.181309289+09:00,2024-12-10T03:05:03.279109002+09:00,97,200,0.016636695423415844,0.01670789201294183,0.018349574287326614,<nil>,0.019413362920971067,0.017302174502682673,0.017656282608168147,0.016636695423415844,0.016567145674475984,0.01714048942494786,0.017647160352337966
true,2024-12-10T03:05:08.181438761+09:00,2024-12-10T03:05:08.22210558+09:00,40,200,0.01488583448615217,0.017236486446417325,0.019291223766694045,<nil>,0.019413362920971063,0.0169129579841113,0.016768912784689352,0.01488583448615217,0.017020168762601807,0.016176973170538348,0.017127157314735568
true,2024-12-10T03:05:13.180906405+09:00,2024-12-10T03:05:13.210276612+09:00,29,200,0.01523996407723397,0.017236486446417325,0.019291223766694045,<nil>,0.018357367349574796,0.016912957984111295,0.015591390412885806,0.01523996407723397,0.017732846687011743,0.015857911761851144,0.01943706000567139
true,2024-12-10T03:05:18.180954495+09:00,2024-12-10T03:05:18.207396498+09:00,26,200,0.01523996407723397,0.017223889191974217,0.01902923044537333,<nil>,0.018357367349574796,0.01773608315163826,0.016284799961931433,0.01523996407723397,0.017732846687011743,0.01682549228765702,0.01943706000567139
true,2024-12-10T03:05:23.180666272+09:00,2024-12-10T03:05:23.263075463+09:00,82,200,0.015472427698623878,0.017223889191974217,0.01902923044537333,<nil>,0.01769007024875675,0.01773608315163826,0.01644831083466527,0.015472427698623878,0.016540135418843332,0.01638607625108745,0.019615431296586744
true,2024-12-10T03:05:28.183075244+09:00,2024-12-10T03:05:28.209941289+09:00,26,200,0.015472427698623876,0.017223889191974217,0.019243318372272663,<nil>,0.017177564896531158,0.017836634199478993,0.015323186976896153,0.015472427698623876,0.017202469731660838,0.016386076251087445,0.019615431296586744
true,2024-12-10T03:05:33.181527953+09:00,2024-12-10T03:05:33.266394511+09:00,84,200,0.01493717642412233,0.015610313888888925,0.01787117474359692,<nil>,0.01900167484290923,0.016774765415270686,0.014591584097615944,0.01493717642412233,0.016678873786407776,0.016358631363165843,0.01909185661063413
true,2024-12-10T03:05:38.18146537+09:00,2024-12-10T03:05:38.21502853+09:00,33,200,0.014500759502692001,0.01786579450786792,0.01891212275705988,<nil>,0.019219865056502066,0.017413920199434302,0.016565061301033347,0.014500759502692001,0.017548721538619427,0.015985837421063673,0.018528197557901843
true,2024-12-10T03:05:43.181088765+09:00,2024-12-10T03:05:43.203764024+09:00,22,200,0.015869931198605105,0.01786579450786792,0.01891212275705988,<nil>,0.018016356905374377,0.016389895697039917,0.015661929557495093,0.015869931198605105,0.017548721538619427,0.018047373559608858,0.02097548282711194
true,2024-12-10T03:05:48.180699753+09:00,2024-12-10T03:05:48.217764006+09:00,37,200,0.015666840472576066,0.017865794507867915,0.019510390583473754,<nil>,0.017077441113313212,0.016982560570655572,0.01702802575307885,0.015666840472576066,0.016937022689396394,0.016884149313935,0.020575276305813926
true,2024-12-10T03:05:53.18154229+09:00,2024-12-10T03:05:53.216714126+09:00,35,200,0.014746631189818785,0.01605073178441353,0.019510390583473754,<nil>,0.018987558769435513,0.01698256057065557,0.017404043551813245,0.014746631189818785,0.01643216134712957,0.017342725886365342,0.020839821227727547
