Success,SendDatetime,ReceivedDatetime,Count,ResponseTime,StatusCode,Data
true,2024-12-09T02:31:28.491734713+09:00,2024-12-09T02:31:28.804696106+09:00,1,312,200,{true {00022200820bcb25c63f99a540110104} 0000:0000 Organization create pending. {  <nil>}}
true,2024-12-09T02:31:28.990974727+09:00,2024-12-09T02:31:29.080059518+09:00,2,89,200,{true {00022200820bcb25c63f99a540140414} 0000:0000 Organization create pending. {  <nil>}}
true,2024-12-09T02:31:29.490809686+09:00,2024-12-09T02:31:29.56623343+09:00,3,75,200,{true {00022200820bcb25c63f99a540400142} 0000:0000 Organization create pending. {  <nil>}}
true,2024-12-09T02:31:29.991110725+09:00,2024-12-09T02:31:30.087232241+09:00,4,96,200,{true {00022200820bcb25c63f99a54044040c} 0000:0000 Organization create pending. {  <nil>}}
true,2024-12-09T02:31:30.491489377+09:00,2024-12-09T02:31:30.549141161+09:00,5,57,200,{true {00022200820bcb25c63f99a54045554f} 0000:0000 Organization create pending. {  <nil>}}
true,2024-12-09T02:31:30.990610794+09:00,2024-12-09T02:31:31.088863441+09:00,6,98,200,{true {00022200820bcb25c63f99a540515500} 0000:0000 Organization create pending. {  <nil>}}
true,2024-12-09T02:31:31.490788217+09:00,2024-12-09T02:31:31.569852923+09:00,7,79,200,{true {00022200820bcb25c63f99a540555460} 0000:0000 Organization create pending. {  <nil>}}
true,2024-12-09T02:31:31.990894287+09:00,2024-12-09T02:31:32.252051036+09:00,8,261,200,{true {00022200820bcb25c63f99a54101517b} 0000:0000 Organization create pending. {  <nil>}}
true,2024-12-09T02:31:32.491268035+09:00,2024-12-09T02:31:32.843942738+09:00,9,352,200,{true {00022200820bcb25c63f99a54105505c} 0000:0000 Organization create pending. {  <nil>}}
true,2024-12-09T02:31:32.991499868+09:00,2024-12-09T02:31:33.154814531+09:00,10,163,200,{true {00022200820bcb25c63f99a541115067} 0000:0000 Organization create pending. {  <nil>}}
true,2024-12-09T02:31:33.491427508+09:00,2024-12-09T02:31:33.570945742+09:00,11,79,200,{true {00022200820bcb25c63f99a541155005} 0000:0000 Organization create pending. {  <nil>}}
true,2024-12-09T02:31:33.990817633+09:00,2024-12-09T02:31:34.046941898+09:00,12,56,200,{true {00022200820bcb25c63f99a541414410} 0000:0000 Organization create pending. {  <nil>}}
true,2024-12-09T02:31:34.490767991+09:00,2024-12-09T02:31:34.590167131+09:00,13,99,200,{true {00022200820bcb25c63f99a541454554} 0000:0000 Organization create pending. {  <nil>}}
true,2024-12-09T02:31:34.990560782+09:00,2024-12-09T02:31:35.047660639+09:00,14,57,200,{true {00022200820bcb25c63f99a541514124} 0000:0000 Organization create pending. {  <nil>}}
true,2024-12-09T02:31:35.490232298+09:00,2024-12-09T02:31:35.554906255+09:00,15,64,200,{true {00022200820bcb25c63f99a541554054} 0000:0000 Organization create pending. {  <nil>}}
true,2024-12-09T02:31:35.990600284+09:00,2024-12-09T02:31:36.059236379+09:00,16,68,200,{true {00022200820bcb25c63f99a544011544} 0000:0000 Organization create pending. {  <nil>}}
true,2024-12-09T02:31:36.490712471+09:00,2024-12-09T02:31:36.579616711+09:00,17,88,200,{true {00022200820bcb25c63f99a54405145d} 0000:0000 Organization create pending. {  <nil>}}
true,2024-12-09T02:31:36.990259905+09:00,2024-12-09T02:31:37.046864336+09:00,18,56,200,{true {00022200820bcb25c63f99a54411117c} 0000:0000 Organization create pending. {  <nil>}}
true,2024-12-09T02:31:37.491062389+09:00,2024-12-09T02:31:37.551743249+09:00,19,60,200,{true {00022200820bcb25c63f99a544151150} 0000:0000 Organization create pending. {  <nil>}}
true,2024-12-09T02:31:37.99014077+09:00,2024-12-09T02:31:38.042689315+09:00,20,52,200,{true {00022200820bcb25c63f99a544411010} 0000:0000 Organization create pending. {  <nil>}}
true,2024-12-09T02:31:38.490322992+09:00,2024-12-09T02:31:38.551154829+09:00,21,60,200,{true {00022200820bcb25c63f99a544451022} 0000:0000 Organization create pending. {  <nil>}}
true,2024-12-09T02:31:38.990591454+09:00,2024-12-09T02:31:39.05018438+09:00,22,59,200,{true {00022200820bcb25c63f99a544510502} 0000:0000 Organization create pending. {  <nil>}}
true,2024-12-09T02:31:39.490614954+09:00,2024-12-09T02:31:39.560855142+09:00,23,70,200,{true {00022200820bcb25c63f99a544550500} 0000:0000 Organization create pending. {  <nil>}}
true,2024-12-09T02:31:39.990998979+09:00,2024-12-09T02:31:40.061208956+09:00,24,70,200,{true {00022200820bcb25c63f99a545010433} 0000:0000 Organization create pending. {  <nil>}}
true,2024-12-09T02:31:40.491506732+09:00,2024-12-09T02:31:40.540412143+09:00,25,48,200,{true {00022200820bcb25c63f99a545050047} 0000:0000 Organization create pending. {  <nil>}}
true,2024-12-09T02:31:40.990651618+09:00,2024-12-09T02:31:41.04640929+09:00,26,55,200,{true {00022200820bcb25c63f99a545105558} 0000:0000 Organization create pending. {  <nil>}}
true,2024-12-09T02:31:41.490096316+09:00,2024-12-09T02:31:41.555925233+09:00,27,65,200,{true {00022200820bcb25c63f99a545145514} 0000:0000 Organization create pending. {  <nil>}}
true,2024-12-09T02:31:41.990743491+09:00,2024-12-09T02:31:42.155422517+09:00,28,164,200,{true {00022200820bcb25c63f99a545405442} 0000:0000 Organization create pending. {  <nil>}}
true,2024-12-09T02:31:42.49086703+09:00,2024-12-09T02:31:42.949059626+09:00,29,458,200,{true {00022200820bcb25c63f99a54544541c} 0000:0000 Organization create pending. {  <nil>}}
true,2024-12-09T02:31:42.990437066+09:00,2024-12-09T02:31:43.077020696+09:00,30,86,200,{true {00022200820bcb25c63f99a54550544b} 0000:0000 Organization create pending. {  <nil>}}
true,2024-12-09T02:31:43.491752565+09:00,2024-12-09T02:31:43.561930054+09:00,31,70,200,{true {00022200820bcb25c63f99a545545120} 0000:0000 Organization create pending. {  <nil>}}
true,2024-12-09T02:31:43.990105752+09:00,2024-12-09T02:31:44.05408044+09:00,32,63,200,{true {00022200820bcb25c63f99a55000455b} 0000:0000 Organization create pending. {  <nil>}}
true,2024-12-09T02:31:44.490586028+09:00,2024-12-09T02:31:44.557255417+09:00,33,66,200,{true {00022200820bcb25c63f99a550044521} 0000:0000 Organization create pending. {  <nil>}}
true,2024-12-09T02:31:44.990162227+09:00,2024-12-09T02:31:45.045360338+09:00,34,55,200,{true {00022200820bcb25c63f99a55010415e} 0000:0000 Organization create pending. {  <nil>}}
true,2024-12-09T02:31:45.490970136+09:00,2024-12-09T02:31:45.552116301+09:00,35,61,200,{true {00022200820bcb25c63f99a550144119} 0000:0000 Organization create pending. {  <nil>}}
true,2024-12-09T02:31:45.990706913+09:00,2024-12-09T02:31:46.119322858+09:00,36,128,200,{true {00022200820bcb25c63f99a550404105} 0000:0000 Organization create pending. {  <nil>}}
true,2024-12-09T02:31:46.490204529+09:00,2024-12-09T02:31:46.572235395+09:00,37,82,200,{true {00022200820bcb25c63f99a5504415d4} 0000:0000 Organization create pending. {  <nil>}}
true,2024-12-09T02:31:46.99167176+09:00,2024-12-09T02:31:47.047218618+09:00,38,55,200,{true {00022200820bcb25c63f99a550501516} 0000:0000 Organization create pending. {  <nil>}}
true,2024-12-09T02:31:47.490736814+09:00,2024-12-09T02:31:47.552107313+09:00,39,61,200,{true {00022200820bcb25c63f99a550541466} 0000:0000 Organization create pending. {  <nil>}}
true,2024-12-09T02:31:47.991258489+09:00,2024-12-09T02:31:48.080058903+09:00,40,88,200,{true {00022200820bcb25c63f99a551001410} 0000:0000 Organization create pending. {  <nil>}}
true,2024-12-09T02:31:48.491291385+09:00,2024-12-09T02:31:48.568072155+09:00,41,76,200,{true {00022200820bcb25c63f99a551041150} 0000:0000 Organization create pending. {  <nil>}}
true,2024-12-09T02:31:48.990764712+09:00,2024-12-09T02:31:49.06945776+09:00,42,78,200,{true {00022200820bcb25c63f99a551101016} 0000:0000 Organization create pending. {  <nil>}}
true,2024-12-09T02:31:49.491021055+09:00,2024-12-09T02:31:49.586095266+09:00,43,95,200,{true {00022200820bcb25c63f99a551140511} 0000:0000 Organization create pending. {  <nil>}}
true,2024-12-09T02:31:49.990754578+09:00,2024-12-09T02:31:50.068323816+09:00,44,77,200,{true {00022200820bcb25c63f99a5514004c1} 0000:0000 Organization create pending. {  <nil>}}
true,2024-12-09T02:31:50.491283741+09:00,2024-12-09T02:31:50.549213065+09:00,45,57,200,{true {00022200820bcb25c63f99a551440420} 0000:0000 Organization create pending. {  <nil>}}
true,2024-12-09T02:31:50.991227856+09:00,2024-12-09T02:31:51.108282053+09:00,46,117,200,{true {00022200820bcb25c63f99a55150011c} 0000:0000 Organization create pending. {  <nil>}}
true,2024-12-09T02:31:51.490232661+09:00,2024-12-09T02:31:51.542859511+09:00,47,52,200,{true {00022200820bcb25c63f99a551515557} 0000:0000 Organization create pending. {  <nil>}}
true,2024-12-09T02:31:51.991507484+09:00,2024-12-09T02:31:52.248133872+09:00,48,256,200,{true {00022200820bcb25c63f99a551555515} 0000:0000 Organization create pending. {  <nil>}}
true,2024-12-09T02:31:52.491444925+09:00,2024-12-09T02:31:52.847122302+09:00,49,355,200,{true {00022200820bcb25c63f99a55401544b} 0000:0000 Organization create pending. {  <nil>}}
true,2024-12-09T02:31:52.990999378+09:00,2024-12-09T02:31:53.058261564+09:00,50,67,200,{true {00022200820bcb25c63f99a554055433} 0000:0000 Organization create pending. {  <nil>}}
true,2024-12-09T02:31:53.491038308+09:00,2024-12-09T02:31:53.563801697+09:00,51,72,200,{true {00022200820bcb25c63f99a55411546b} 0000:0000 Organization create pending. {  <nil>}}
true,2024-12-09T02:31:53.991272112+09:00,2024-12-09T02:31:54.059577811+09:00,52,68,200,{true {00022200820bcb25c63f99a554155004} 0000:0000 Organization create pending. {  <nil>}}
true,2024-12-09T02:31:54.490195588+09:00,2024-12-09T02:31:54.566290648+09:00,53,76,200,{true {00022200820bcb25c63f99a554415073} 0000:0000 Organization create pending. {  <nil>}}
true,2024-12-09T02:31:54.990721807+09:00,2024-12-09T02:31:55.058701763+09:00,54,67,200,{true {00022200820bcb25c63f99a55445447d} 0000:0000 Organization create pending. {  <nil>}}
true,2024-12-09T02:31:55.490978389+09:00,2024-12-09T02:31:55.567066625+09:00,55,76,200,{true {00022200820bcb25c63f99a554514446} 0000:0000 Organization create pending. {  <nil>}}
true,2024-12-09T02:31:55.99133109+09:00,2024-12-09T02:31:56.089280589+09:00,56,97,200,{true {00022200820bcb25c63f99a554554148} 0000:0000 Organization create pending. {  <nil>}}
true,2024-12-09T02:31:56.491489297+09:00,2024-12-09T02:31:56.549658465+09:00,57,58,200,{true {00022200820bcb25c63f99a555014052} 0000:0000 Organization create pending. {  <nil>}}
true,2024-12-09T02:31:56.991121383+09:00,2024-12-09T02:31:57.058409738+09:00,58,67,200,{true {00022200820bcb25c63f99a555054004} 0000:0000 Organization create pending. {  <nil>}}
true,2024-12-09T02:31:57.490728428+09:00,2024-12-09T02:31:57.543498827+09:00,59,52,200,{true {00022200820bcb25c63f99a555111456} 0000:0000 Organization create pending. {  <nil>}}
true,2024-12-09T02:31:57.991506654+09:00,2024-12-09T02:31:58.062717994+09:00,60,71,200,{true {00022200820bcb25c63f99a555151465} 0000:0000 Organization create pending. {  <nil>}}
true,2024-12-09T02:31:58.491049739+09:00,2024-12-09T02:31:58.563368519+09:00,61,72,200,{true {00022200820bcb25c63f99a555411491} 0000:0000 Organization create pending. {  <nil>}}
true,2024-12-09T02:31:58.991085179+09:00,2024-12-09T02:31:59.064521495+09:00,62,73,200,{true {00022200820bcb25c63f99a555451105} 0000:0000 Organization create pending. {  <nil>}}
true,2024-12-09T02:31:59.491514845+09:00,2024-12-09T02:31:59.55122547+09:00,63,59,200,{true {00022200820bcb25c63f99a555511014} 0000:0000 Organization create pending. {  <nil>}}
true,2024-12-09T02:31:59.990973085+09:00,2024-12-09T02:32:00.099615926+09:00,64,108,200,{true {00022200820bcb25c63f99a555551152} 0000:0000 Organization create pending. {  <nil>}}
true,2024-12-09T02:32:00.490729576+09:00,2024-12-09T02:32:00.5626369+09:00,65,71,200,{true {00022200820bcb25c63f99b000010456} 0000:0000 Organization create pending. {  <nil>}}
true,2024-12-09T02:32:00.990673809+09:00,2024-12-09T02:32:01.123372708+09:00,66,132,200,{true {00022200820bcb25c63f99b000050157} 0000:0000 Organization create pending. {  <nil>}}
true,2024-12-09T02:32:01.49101466+09:00,2024-12-09T02:32:01.588559959+09:00,67,97,200,{true {00022200820bcb25c63f99b000110469} 0000:0000 Organization create pending. {  <nil>}}
true,2024-12-09T02:32:01.991120135+09:00,2024-12-09T02:32:02.261834695+09:00,68,270,200,{true {00022200820bcb25c63f99b000150418} 0000:0000 Organization create pending. {  <nil>}}
true,2024-12-09T02:32:02.490020852+09:00,2024-12-09T02:32:02.654266773+09:00,69,164,200,{true {00022200820bcb25c63f99b000405551} 0000:0000 Organization create pending. {  <nil>}}
true,2024-12-09T02:32:02.990175995+09:00,2024-12-09T02:32:03.251391335+09:00,70,261,200,{true {00022200820bcb25c63f99b000450148} 0000:0000 Organization create pending. {  <nil>}}
true,2024-12-09T02:32:03.490185341+09:00,2024-12-09T02:32:03.558257309+09:00,71,68,200,{true {00022200820bcb25c63f99b000505504} 0000:0000 Organization create pending. {  <nil>}}
true,2024-12-09T02:32:03.990569979+09:00,2024-12-09T02:32:04.065959164+09:00,72,75,200,{true {00022200820bcb25c63f99b000545146} 0000:0000 Organization create pending. {  <nil>}}
true,2024-12-09T02:32:04.490907783+09:00,2024-12-09T02:32:04.583309479+09:00,73,92,200,{true {00022200820bcb25c63f99b001005151} 0000:0000 Organization create pending. {  <nil>}}
true,2024-12-09T02:32:04.991103865+09:00,2024-12-09T02:32:05.074840896+09:00,74,83,200,{true {00022200820bcb25c63f99b00104501c} 0000:0000 Organization create pending. {  <nil>}}
true,2024-12-09T02:32:05.491197511+09:00,2024-12-09T02:32:05.551864579+09:00,75,60,200,{true {00022200820bcb25c63f99b001104510} 0000:0000 Organization create pending. {  <nil>}}
true,2024-12-09T02:32:05.99140288+09:00,2024-12-09T02:32:06.107235701+09:00,76,115,200,{true {00022200820bcb25c63f99b001144413} 0000:0000 Organization create pending. {  <nil>}}
true,2024-12-09T02:32:06.491218469+09:00,2024-12-09T02:32:06.552946412+09:00,77,61,200,{true {00022200820bcb25c63f99b00140442a} 0000:0000 Organization create pending. {  <nil>}}
true,2024-12-09T02:32:06.990638764+09:00,2024-12-09T02:32:07.044201046+09:00,78,53,200,{true {00022200820bcb25c63f99b001444055} 0000:0000 Organization create pending. {  <nil>}}
true,2024-12-09T02:32:07.491350483+09:00,2024-12-09T02:32:07.557410515+09:00,79,66,200,{true {00022200820bcb25c63f99b001504044} 0000:0000 Organization create pending. {  <nil>}}
true,2024-12-09T02:32:07.991309104+09:00,2024-12-09T02:32:08.079320509+09:00,80,88,200,{true {00022200820bcb25c63f99b001544093} 0000:0000 Organization create pending. {  <nil>}}
true,2024-12-09T02:32:08.491217254+09:00,2024-12-09T02:32:08.565753598+09:00,81,74,200,{true {00022200820bcb25c63f99b004001546} 0000:0000 Organization create pending. {  <nil>}}
true,2024-12-09T02:32:08.991324815+09:00,2024-12-09T02:32:09.066889984+09:00,82,75,200,{true {00022200820bcb25c63f99b004041472} 0000:0000 Organization create pending. {  <nil>}}
true,2024-12-09T02:32:09.490822436+09:00,2024-12-09T02:32:09.588396346+09:00,83,97,200,{true {00022200820bcb25c63f99b004101418} 0000:0000 Organization create pending. {  <nil>}}
true,2024-12-09T02:32:09.990783126+09:00,2024-12-09T02:32:10.070740244+09:00,84,79,200,{true {00022200820bcb25c63f99b004141112} 0000:0000 Organization create pending. {  <nil>}}
true,2024-12-09T02:32:10.490698351+09:00,2024-12-09T02:32:10.561518401+09:00,85,70,200,{true {00022200820bcb25c63f99b004401015} 0000:0000 Organization create pending. {  <nil>}}
true,2024-12-09T02:32:10.990800257+09:00,2024-12-09T02:32:11.04001856+09:00,86,49,200,{true {00022200820bcb25c63f99b004440451} 0000:0000 Organization create pending. {  <nil>}}
true,2024-12-09T02:32:11.490609769+09:00,2024-12-09T02:32:11.56137782+09:00,87,70,200,{true {00022200820bcb25c63f99b00450041b} 0000:0000 Organization create pending. {  <nil>}}
true,2024-12-09T02:32:11.991090327+09:00,2024-12-09T02:32:12.251082772+09:00,88,259,200,{true {00022200820bcb25c63f99b004540415} 0000:0000 Organization create pending. {  <nil>}}
true,2024-12-09T02:32:12.490998199+09:00,2024-12-09T02:32:12.652584995+09:00,89,161,200,{true {00022200820bcb25c63f99b005000051} 0000:0000 Organization create pending. {  <nil>}}
true,2024-12-09T02:32:12.990083795+09:00,2024-12-09T02:32:13.04971402+09:00,90,59,200,{true {00022200820bcb25c63f99b005015543} 0000:0000 Organization create pending. {  <nil>}}
true,2024-12-09T02:32:13.491113804+09:00,2024-12-09T02:32:13.567992809+09:00,91,76,200,{true {00022200820bcb25c63f99b005100090} 0000:0000 Organization create pending. {  <nil>}}
true,2024-12-09T02:32:13.991384289+09:00,2024-12-09T02:32:14.051941046+09:00,92,60,200,{true {00022200820bcb25c63f99b005115450} 0000:0000 Organization create pending. {  <nil>}}
true,2024-12-09T02:32:14.490554574+09:00,2024-12-09T02:32:14.541241944+09:00,93,50,200,{true {00022200820bcb25c63f99b005155147} 0000:0000 Organization create pending. {  <nil>}}
true,2024-12-09T02:32:14.990475727+09:00,2024-12-09T02:32:15.073581098+09:00,94,83,200,{true {00022200820bcb25c63f99b00541510f} 0000:0000 Organization create pending. {  <nil>}}
true,2024-12-09T02:32:15.49190217+09:00,2024-12-09T02:32:15.584491171+09:00,95,92,200,{true {00022200820bcb25c63f99b00545544f} 0000:0000 Organization create pending. {  <nil>}}
true,2024-12-09T02:32:15.991165654+09:00,2024-12-09T02:32:16.113619403+09:00,96,122,200,{true {00022200820bcb25c63f99b005515472} 0000:0000 Organization create pending. {  <nil>}}
true,2024-12-09T02:32:16.490499927+09:00,2024-12-09T02:32:16.554402032+09:00,97,63,200,{true {00022200820bcb25c63f99b005554502} 0000:0000 Organization create pending. {  <nil>}}
true,2024-12-09T02:32:16.99131621+09:00,2024-12-09T02:32:17.074776715+09:00,98,83,200,{true {00022200820bcb25c63f99b010014562} 0000:0000 Organization create pending. {  <nil>}}
true,2024-12-09T02:32:17.49110328+09:00,2024-12-09T02:32:17.561334541+09:00,99,70,200,{true {00022200820bcb25c63f99b010054155} 0000:0000 Organization create pending. {  <nil>}}
true,2024-12-09T02:32:17.990118336+09:00,2024-12-09T02:32:18.051603561+09:00,100,61,200,{true {00022200820bcb25c63f99b010114001} 0000:0000 Organization create pending. {  <nil>}}
true,2024-12-09T02:32:18.49102599+09:00,2024-12-09T02:32:18.555257118+09:00,101,64,200,{true {00022200820bcb25c63f99b01015155e} 0000:0000 Organization create pending. {  <nil>}}
true,2024-12-09T02:32:18.991022526+09:00,2024-12-09T02:32:19.065344607+09:00,102,74,200,{true {00022200820bcb25c63f99b010411444} 0000:0000 Organization create pending. {  <nil>}}
true,2024-12-09T02:32:19.490083744+09:00,2024-12-09T02:32:19.579019197+09:00,103,88,200,{true {00022200820bcb25c63f99b010451157} 0000:0000 Organization create pending. {  <nil>}}
true,2024-12-09T02:32:19.990883138+09:00,2024-12-09T02:32:20.048493577+09:00,104,57,200,{true {00022200820bcb25c63f99b010511111} 0000:0000 Organization create pending. {  <nil>}}
true,2024-12-09T02:32:20.49066016+09:00,2024-12-09T02:32:20.546957438+09:00,105,56,200,{true {00022200820bcb25c63f99b010551052} 0000:0000 Organization create pending. {  <nil>}}
true,2024-12-09T02:32:20.990360987+09:00,2024-12-09T02:32:21.09229216+09:00,106,101,200,{true {00022200820bcb25c63f99b011011011} 0000:0000 Organization create pending. {  <nil>}}
true,2024-12-09T02:32:21.490344807+09:00,2024-12-09T02:32:21.553943016+09:00,107,63,200,{true {00022200820bcb25c63f99b011050510} 0000:0000 Organization create pending. {  <nil>}}
true,2024-12-09T02:32:21.990750229+09:00,2024-12-09T02:32:22.355150166+09:00,108,364,200,{true {00022200820bcb25c63f99b011110501} 0000:0000 Organization create pending. {  <nil>}}
true,2024-12-09T02:32:22.490878718+09:00,2024-12-09T02:32:22.845414322+09:00,109,354,200,{true {00022200820bcb25c63f99b011150155} 0000:0000 Organization create pending. {  <nil>}}
true,2024-12-09T02:32:22.990118752+09:00,2024-12-09T02:32:23.147861179+09:00,110,157,200,{true {00022200820bcb25c63f99b011410041} 0000:0000 Organization create pending. {  <nil>}}
true,2024-12-09T02:32:23.490771969+09:00,2024-12-09T02:32:23.570354148+09:00,111,79,200,{true {00022200820bcb25c63f99b011450161} 0000:0000 Organization create pending. {  <nil>}}
true,2024-12-09T02:32:23.990212928+09:00,2024-12-09T02:32:24.052931799+09:00,112,62,200,{true {00022200820bcb25c63f99b01150556a} 0000:0000 Organization create pending. {  <nil>}}
true,2024-12-09T02:32:24.491195356+09:00,2024-12-09T02:32:24.565900054+09:00,113,74,200,{true {00022200820bcb25c63f99b011545506} 0000:0000 Organization create pending. {  <nil>}}
true,2024-12-09T02:32:24.990850175+09:00,2024-12-09T02:32:25.04180724+09:00,114,50,200,{true {00022200820bcb25c63f99b014005151} 0000:0000 Organization create pending. {  <nil>}}
true,2024-12-09T02:32:25.490103287+09:00,2024-12-09T02:32:25.551809954+09:00,115,61,200,{true {00022200820bcb25c63f99b01404510f} 0000:0000 Organization create pending. {  <nil>}}
true,2024-12-09T02:32:25.990930866+09:00,2024-12-09T02:32:26.112289925+09:00,116,121,200,{true {00022200820bcb25c63f99b01410511e} 0000:0000 Organization create pending. {  <nil>}}
true,2024-12-09T02:32:26.491386071+09:00,2024-12-09T02:32:26.554311455+09:00,117,62,200,{true {00022200820bcb25c63f99b014144556} 0000:0000 Organization create pending. {  <nil>}}
true,2024-12-09T02:32:26.990950861+09:00,2024-12-09T02:32:27.041939614+09:00,118,50,200,{true {00022200820bcb25c63f99b01440445f} 0000:0000 Organization create pending. {  <nil>}}
true,2024-12-09T02:32:27.491042202+09:00,2024-12-09T02:32:27.542062921+09:00,119,51,200,{true {00022200820bcb25c63f99b01444443e} 0000:0000 Organization create pending. {  <nil>}}
true,2024-12-09T02:32:27.990303089+09:00,2024-12-09T02:32:28.041742779+09:00,120,51,200,{true {00022200820bcb25c63f99b014504106} 0000:0000 Organization create pending. {  <nil>}}
true,2024-12-09T02:32:28.490404115+09:00,2024-12-09T02:32:28.535119007+09:00,121,44,200,{true {00022200820bcb25c63f99b014544017} 0000:0000 Organization create pending. {  <nil>}}
true,2024-12-09T02:32:28.991078791+09:00,2024-12-09T02:32:29.055965341+09:00,122,64,200,{true {00022200820bcb25c63f99b015004008} 0000:0000 Organization create pending. {  <nil>}}
true,2024-12-09T02:32:29.490152259+09:00,2024-12-09T02:32:29.559887407+09:00,123,69,200,{true {00022200820bcb25c63f99b015041515} 0000:0000 Organization create pending. {  <nil>}}
true,2024-12-09T02:32:29.990524958+09:00,2024-12-09T02:32:30.092026872+09:00,124,101,200,{true {00022200820bcb25c63f99b015101412} 0000:0000 Organization create pending. {  <nil>}}
true,2024-12-09T02:32:30.49086799+09:00,2024-12-09T02:32:30.571303515+09:00,125,80,200,{true {00022200820bcb25c63f99b01514146d} 0000:0000 Organization create pending. {  <nil>}}
true,2024-12-09T02:32:30.991787299+09:00,2024-12-09T02:32:31.102380989+09:00,126,110,200,{true {00022200820bcb25c63f99b01540116d} 0000:0000 Organization create pending. {  <nil>}}
true,2024-12-09T02:32:31.490189996+09:00,2024-12-09T02:32:31.566078458+09:00,127,75,200,{true {00022200820bcb25c63f99b0154410c7} 0000:0000 Organization create pending. {  <nil>}}
true,2024-12-09T02:32:31.991279476+09:00,2024-12-09T02:32:32.143703373+09:00,128,152,200,{true {00022200820bcb25c63f99b015501006} 0000:0000 Organization create pending. {  <nil>}}
true,2024-12-09T02:32:32.490377079+09:00,2024-12-09T02:32:32.947532925+09:00,129,457,200,{true {00022200820bcb25c63f99b015540512} 0000:0000 Organization create pending. {  <nil>}}
true,2024-12-09T02:32:32.991429591+09:00,2024-12-09T02:32:33.151276156+09:00,130,159,200,{true {00022200820bcb25c63f99b040000446} 0000:0000 Organization create pending. {  <nil>}}
true,2024-12-09T02:32:33.491346069+09:00,2024-12-09T02:32:33.571995286+09:00,131,80,200,{true {00022200820bcb25c63f99b040040400} 0000:0000 Organization create pending. {  <nil>}}
true,2024-12-09T02:32:33.991066902+09:00,2024-12-09T02:32:34.062558325+09:00,132,71,200,{true {00022200820bcb25c63f99b040100105} 0000:0000 Organization create pending. {  <nil>}}
true,2024-12-09T02:32:34.491374774+09:00,2024-12-09T02:32:34.545381845+09:00,133,54,200,{true {00022200820bcb25c63f99b040115578} 0000:0000 Organization create pending. {  <nil>}}
true,2024-12-09T02:32:34.990117333+09:00,2024-12-09T02:32:35.063490751+09:00,134,73,200,{true {00022200820bcb25c63f99b040155500} 0000:0000 Organization create pending. {  <nil>}}
true,2024-12-09T02:32:35.490739109+09:00,2024-12-09T02:32:35.54753862+09:00,135,56,200,{true {00022200820bcb25c63f99b040415410} 0000:0000 Organization create pending. {  <nil>}}
true,2024-12-09T02:32:35.990925034+09:00,2024-12-09T02:32:36.113332761+09:00,136,122,200,{true {00022200820bcb25c63f99b040455418} 0000:0000 Organization create pending. {  <nil>}}
true,2024-12-09T02:32:36.490792396+09:00,2024-12-09T02:32:36.55067199+09:00,137,59,200,{true {00022200820bcb25c63f99b040515056} 0000:0000 Organization create pending. {  <nil>}}
true,2024-12-09T02:32:36.99118897+09:00,2024-12-09T02:32:37.03184843+09:00,138,40,200,{true {00022200820bcb25c63f99b040554545} 0000:0000 Organization create pending. {  <nil>}}
true,2024-12-09T02:32:37.490368374+09:00,2024-12-09T02:32:37.555632421+09:00,139,65,200,{true {00022200820bcb25c63f99b041014550} 0000:0000 Organization create pending. {  <nil>}}
true,2024-12-09T02:32:37.99101515+09:00,2024-12-09T02:32:38.056894045+09:00,140,65,200,{true {00022200820bcb25c63f99b041054471} 0000:0000 Organization create pending. {  <nil>}}
true,2024-12-09T02:32:38.490237404+09:00,2024-12-09T02:32:38.55304908+09:00,141,62,200,{true {00022200820bcb25c63f99b041114140} 0000:0000 Organization create pending. {  <nil>}}
true,2024-12-09T02:32:38.991313626+09:00,2024-12-09T02:32:39.069424313+09:00,142,78,200,{true {00022200820bcb25c63f99b041154051} 0000:0000 Organization create pending. {  <nil>}}
true,2024-12-09T02:32:39.490434151+09:00,2024-12-09T02:32:39.559508836+09:00,143,69,200,{true {00022200820bcb25c63f99b041414008} 0000:0000 Organization create pending. {  <nil>}}
true,2024-12-09T02:32:39.991454871+09:00,2024-12-09T02:32:40.079180053+09:00,144,87,200,{true {00022200820bcb25c63f99b04145410a} 0000:0000 Organization create pending. {  <nil>}}
true,2024-12-09T02:32:40.491340823+09:00,2024-12-09T02:32:40.587562568+09:00,145,96,200,{true {00022200820bcb25c63f99b04151401c} 0000:0000 Organization create pending. {  <nil>}}
true,2024-12-09T02:32:40.990870654+09:00,2024-12-09T02:32:41.047380884+09:00,146,56,200,{true {00022200820bcb25c63f99b041551145} 0000:0000 Organization create pending. {  <nil>}}
true,2024-12-09T02:32:41.490566739+09:00,2024-12-09T02:32:41.591648619+09:00,147,101,200,{true {00022200820bcb25c63f99b044011416} 0000:0000 Organization create pending. {  <nil>}}
true,2024-12-09T02:32:41.990900778+09:00,2024-12-09T02:32:42.340794564+09:00,148,349,200,{true {00022200820bcb25c63f99b044051054} 0000:0000 Organization create pending. {  <nil>}}
true,2024-12-09T02:32:42.491728214+09:00,2024-12-09T02:32:42.944481572+09:00,149,452,200,{true {00022200820bcb25c63f99b04411055b} 0000:0000 Organization create pending. {  <nil>}}
true,2024-12-09T02:32:42.990996149+09:00,2024-12-09T02:32:43.157794411+09:00,150,166,200,{true {00022200820bcb25c63f99b044150550} 0000:0000 Organization create pending. {  <nil>}}
true,2024-12-09T02:32:43.490799961+09:00,2024-12-09T02:32:43.573763485+09:00,151,82,200,{true {00022200820bcb25c63f99b044410406} 0000:0000 Organization create pending. {  <nil>}}
true,2024-12-09T02:32:43.991005842+09:00,2024-12-09T02:32:44.052424757+09:00,152,61,200,{true {00022200820bcb25c63f99b044450446} 0000:0000 Organization create pending. {  <nil>}}
true,2024-12-09T02:32:44.492111959+09:00,2024-12-09T02:32:44.770275093+09:00,153,278,200,{true {802a2282828be30de6979bb044515155} 0000:0000 Organization create pending. {  <nil>}}
true,2024-12-09T02:32:44.991190077+09:00,2024-12-09T02:32:45.071396169+09:00,154,80,200,{true {00022200820bcb25c63f99b044550052} 0000:0000 Organization create pending. {  <nil>}}
true,2024-12-09T02:32:45.491042713+09:00,2024-12-09T02:32:45.557099389+09:00,155,66,200,{true {00022200820bcb25c63f99b045010000} 0000:0000 Organization create pending. {  <nil>}}
true,2024-12-09T02:32:45.990303714+09:00,2024-12-09T02:32:46.107760193+09:00,156,117,200,{true {802a2282828be30de6979bb045050041} 0000:0000 Organization create pending. {  <nil>}}
true,2024-12-09T02:32:46.490384949+09:00,2024-12-09T02:32:46.60265893+09:00,157,112,200,{true {00022200820bcb25c63f99b045105545} 0000:0000 Organization create pending. {  <nil>}}
true,2024-12-09T02:32:46.990627031+09:00,2024-12-09T02:32:47.046725249+09:00,158,56,200,{true {00022200820bcb25c63f99b045145107} 0000:0000 Organization create pending. {  <nil>}}
true,2024-12-09T02:32:47.491736786+09:00,2024-12-09T02:32:47.601480812+09:00,159,109,200,{true {00022200820bcb25c63f99b045410001} 0000:0000 Organization create pending. {  <nil>}}
true,2024-12-09T02:32:47.991133574+09:00,2024-12-09T02:32:48.088457639+09:00,160,97,200,{true {802a2282828be30de6979bb045445115} 0000:0000 Organization create pending. {  <nil>}}
true,2024-12-09T02:32:48.490222564+09:00,2024-12-09T02:32:48.564322906+09:00,161,74,200,{true {802a2282828be30de6979bb045504553} 0000:0000 Organization create pending. {  <nil>}}
true,2024-12-09T02:32:48.991176745+09:00,2024-12-09T02:32:49.090227631+09:00,162,99,200,{true {802a2282828be30de6979bb045544554} 0000:0000 Organization create pending. {  <nil>}}
true,2024-12-09T02:32:49.490237198+09:00,2024-12-09T02:32:49.576038971+09:00,163,85,200,{true {802a2282828be30de6979bb050004104} 0000:0000 Organization create pending. {  <nil>}}
true,2024-12-09T02:32:49.991431621+09:00,2024-12-09T02:32:50.067785753+09:00,164,76,200,{true {00022200820bcb25c63f99b050044054} 0000:0000 Organization create pending. {  <nil>}}
true,2024-12-09T02:32:50.491239553+09:00,2024-12-09T02:32:50.558218493+09:00,165,66,200,{true {802a2282828be30de6979bb050104042} 0000:0000 Organization create pending. {  <nil>}}
true,2024-12-09T02:32:50.990874928+09:00,2024-12-09T02:32:51.040126209+09:00,166,49,200,{true {00022200820bcb25c63f99b050141453} 0000:0000 Organization create pending. {  <nil>}}
true,2024-12-09T02:32:51.49104878+09:00,2024-12-09T02:32:51.548935516+09:00,167,57,200,{true {00022200820bcb25c63f99b050401401} 0000:0000 Organization create pending. {  <nil>}}
true,2024-12-09T02:32:51.99109373+09:00,2024-12-09T02:32:52.143487316+09:00,168,152,200,{true {00022200820bcb25c63f99b050441148} 0000:0000 Organization create pending. {  <nil>}}
true,2024-12-09T02:32:52.491049068+09:00,2024-12-09T02:32:52.842027789+09:00,169,350,200,{true {802a2282828be30de6979bb050501053} 0000:0000 Organization create pending. {  <nil>}}
true,2024-12-09T02:32:52.991277149+09:00,2024-12-09T02:32:53.049375212+09:00,170,58,200,{true {00022200820bcb25c63f99b050540553} 0000:0000 Organization create pending. {  <nil>}}
true,2024-12-09T02:32:53.491247622+09:00,2024-12-09T02:32:53.56126767+09:00,171,70,200,{true {802a2282828be30de6979bb051001014} 0000:0000 Organization create pending. {  <nil>}}
true,2024-12-09T02:32:53.990663652+09:00,2024-12-09T02:32:54.058679574+09:00,172,68,200,{true {802a2282828be30de6979bb051040417} 0000:0000 Organization create pending. {  <nil>}}
true,2024-12-09T02:32:54.49109334+09:00,2024-12-09T02:32:54.587855376+09:00,173,96,200,{true {00022200820bcb25c63f99b051100415} 0000:0000 Organization create pending. {  <nil>}}
true,2024-12-09T02:32:54.990122439+09:00,2024-12-09T02:32:55.041435535+09:00,174,51,200,{true {00022200820bcb25c63f99b051140045} 0000:0000 Organization create pending. {  <nil>}}
true,2024-12-09T02:32:55.491018663+09:00,2024-12-09T02:32:55.543021456+09:00,175,52,200,{true {802a2282828be30de6979bb051400012} 0000:0000 Organization create pending. {  <nil>}}
true,2024-12-09T02:32:55.990691682+09:00,2024-12-09T02:32:56.189312756+09:00,176,198,200,{true {802a2282828be30de6979bb051440400} 0000:0000 Organization create pending. {  <nil>}}
true,2024-12-09T02:32:56.49085059+09:00,2024-12-09T02:32:56.556645514+09:00,177,65,200,{true {802a2282828be30de6979bb051455445} 0000:0000 Organization create pending. {  <nil>}}
true,2024-12-09T02:32:56.990361855+09:00,2024-12-09T02:32:57.051700506+09:00,178,61,200,{true {00022200820bcb25c63f99b051515155} 0000:0000 Organization create pending. {  <nil>}}
true,2024-12-09T02:32:57.490410056+09:00,2024-12-09T02:32:57.546791693+09:00,179,56,200,{true {802a2282828be30de6979bb051555110} 0000:0000 Organization create pending. {  <nil>}}
true,2024-12-09T02:32:57.991005666+09:00,2024-12-09T02:32:58.076070899+09:00,180,85,200,{true {802a2282828be30de6979bb054015400} 0000:0000 Organization create pending. {  <nil>}}
true,2024-12-09T02:32:58.490620688+09:00,2024-12-09T02:32:58.540649426+09:00,181,50,200,{true {00022200820bcb25c63f99b054055001} 0000:0000 Organization create pending. {  <nil>}}
true,2024-12-09T02:32:58.991038658+09:00,2024-12-09T02:32:59.061112614+09:00,182,70,200,{true {802a2282828be30de6979bb054114501} 0000:0000 Organization create pending. {  <nil>}}
true,2024-12-09T02:32:59.490847844+09:00,2024-12-09T02:32:59.552229578+09:00,183,61,200,{true {00022200820bcb25c63f99b054154445} 0000:0000 Organization create pending. {  <nil>}}
true,2024-12-09T02:32:59.991529375+09:00,2024-12-09T02:33:00.06181743+09:00,184,70,200,{true {00022200820bcb25c63f99b054414155} 0000:0000 Organization create pending. {  <nil>}}
true,2024-12-09T02:33:00.490160158+09:00,2024-12-09T02:33:00.554126251+09:00,185,63,200,{true {802a2282828be30de6979bb054454115} 0000:0000 Organization create pending. {  <nil>}}
true,2024-12-09T02:33:00.991236219+09:00,2024-12-09T02:33:01.101283195+09:00,186,110,200,{true {802a2282828be30de6979bb05451410d} 0000:0000 Organization create pending. {  <nil>}}
true,2024-12-09T02:33:01.490971142+09:00,2024-12-09T02:33:01.58769016+09:00,187,96,200,{true {00022200820bcb25c63f99b054554114} 0000:0000 Organization create pending. {  <nil>}}
true,2024-12-09T02:33:01.99011765+09:00,2024-12-09T02:33:02.175121584+09:00,188,185,200,{true {802a2282828be30de6979bb055014000} 0000:0000 Organization create pending. {  <nil>}}
true,2024-12-09T02:33:02.49085168+09:00,2024-12-09T02:33:02.846967067+09:00,189,356,200,{true {802a2282828be30de6979bb055051400} 0000:0000 Organization create pending. {  <nil>}}
true,2024-12-09T02:33:02.991080331+09:00,2024-12-09T02:33:03.15149614+09:00,190,160,200,{true {00022200820bcb25c63f99b055111142} 0000:0000 Organization create pending. {  <nil>}}
true,2024-12-09T02:33:03.490106527+09:00,2024-12-09T02:33:03.532839108+09:00,191,42,200,{true {802a2282828be30de6979bb055151000} 0000:0000 Organization create pending. {  <nil>}}
true,2024-12-09T02:33:03.991366331+09:00,2024-12-09T02:33:04.063455522+09:00,192,72,200,{true {00022200820bcb25c63f99b055410552} 0000:0000 Organization create pending. {  <nil>}}
true,2024-12-09T02:33:04.490837426+09:00,2024-12-09T02:33:04.535486841+09:00,193,44,200,{true {00022200820bcb25c63f99b055450445} 0000:0000 Organization create pending. {  <nil>}}
true,2024-12-09T02:33:04.990473742+09:00,2024-12-09T02:33:05.071012396+09:00,194,80,200,{true {802a2282828be30de6979bb05551041d} 0000:0000 Organization create pending. {  <nil>}}
true,2024-12-09T02:33:05.491111145+09:00,2024-12-09T02:33:05.554071558+09:00,195,62,200,{true {00022200820bcb25c63f99b055550146} 0000:0000 Organization create pending. {  <nil>}}
true,2024-12-09T02:33:05.990600808+09:00,2024-12-09T02:33:06.10549024+09:00,196,114,200,{true {802a2282828be30de6979bb100010011} 0000:0000 Organization create pending. {  <nil>}}
true,2024-12-09T02:33:06.491494604+09:00,2024-12-09T02:33:06.555347402+09:00,197,63,200,{true {802a2282828be30de6979bb100045545} 0000:0000 Organization create pending. {  <nil>}}
true,2024-12-09T02:33:06.990511182+09:00,2024-12-09T02:33:07.047137652+09:00,198,56,200,{true {00022200820bcb25c63f99b100105455} 0000:0000 Organization create pending. {  <nil>}}
true,2024-12-09T02:33:07.491419789+09:00,2024-12-09T02:33:07.562826034+09:00,199,71,200,{true {802a2282828be30de6979bb100145441} 0000:0000 Organization create pending. {  <nil>}}
true,2024-12-09T02:33:07.990048895+09:00,2024-12-09T02:33:08.047371726+09:00,200,57,200,{true {00022200820bcb25c63f99b100405110} 0000:0000 Organization create pending. {  <nil>}}
true,2024-12-09T02:33:08.490821137+09:00,2024-12-09T02:33:08.554985955+09:00,201,64,200,{true {00022200820bcb25c63f99b100445111} 0000:0000 Organization create pending. {  <nil>}}
true,2024-12-09T02:33:08.991524214+09:00,2024-12-09T02:33:09.100657784+09:00,202,109,200,{true {802a2282828be30de6979bb100505105} 0000:0000 Organization create pending. {  <nil>}}
true,2024-12-09T02:33:09.490862317+09:00,2024-12-09T02:33:09.593751751+09:00,203,102,200,{true {00022200820bcb25c63f99b100544558} 0000:0000 Organization create pending. {  <nil>}}
true,2024-12-09T02:33:09.991558572+09:00,2024-12-09T02:33:10.056057643+09:00,204,64,200,{true {00022200820bcb25c63f99b101004445} 0000:0000 Organization create pending. {  <nil>}}
true,2024-12-09T02:33:10.490901343+09:00,2024-12-09T02:33:10.536220843+09:00,205,45,200,{true {00022200820bcb25c63f99b101044117} 0000:0000 Organization create pending. {  <nil>}}
true,2024-12-09T02:33:10.99138374+09:00,2024-12-09T02:33:11.050542351+09:00,206,59,200,{true {802a2282828be30de6979bb101104115} 0000:0000 Organization create pending. {  <nil>}}
true,2024-12-09T02:33:11.491614604+09:00,2024-12-09T02:33:11.587275198+09:00,207,95,200,{true {00022200820bcb25c63f99b101144011} 0000:0000 Organization create pending. {  <nil>}}
true,2024-12-09T02:33:11.990589617+09:00,2024-12-09T02:33:12.147027193+09:00,208,156,200,{true {00022200820bcb25c63f99b101404004} 0000:0000 Organization create pending. {  <nil>}}
true,2024-12-09T02:33:12.490920841+09:00,2024-12-09T02:33:12.851096089+09:00,209,360,200,{true {802a2282828be30de6979bb101441504} 0000:0000 Organization create pending. {  <nil>}}
true,2024-12-09T02:33:12.991192136+09:00,2024-12-09T02:33:13.051177806+09:00,210,59,200,{true {802a2282828be30de6979bb101501411} 0000:0000 Organization create pending. {  <nil>}}
true,2024-12-09T02:33:13.490733007+09:00,2024-12-09T02:33:13.546519808+09:00,211,55,200,{true {802a2282828be30de6979bb10154111c} 0000:0000 Organization create pending. {  <nil>}}
true,2024-12-09T02:33:13.990162668+09:00,2024-12-09T02:33:14.055991299+09:00,212,65,200,{true {00022200820bcb25c63f99b104001113} 0000:0000 Organization create pending. {  <nil>}}
true,2024-12-09T02:33:14.490345972+09:00,2024-12-09T02:33:14.557154793+09:00,213,66,200,{true {00022200820bcb25c63f99b10404101c} 0000:0000 Organization create pending. {  <nil>}}
true,2024-12-09T02:33:14.991164796+09:00,2024-12-09T02:33:15.049506583+09:00,214,58,200,{true {00022200820bcb25c63f99b104100515} 0000:0000 Organization create pending. {  <nil>}}
true,2024-12-09T02:33:15.490807552+09:00,2024-12-09T02:33:15.567877509+09:00,215,77,200,{true {802a2282828be30de6979bb104140451} 0000:0000 Organization create pending. {  <nil>}}
true,2024-12-09T02:33:15.991575925+09:00,2024-12-09T02:33:16.049190649+09:00,216,57,200,{true {00022200820bcb25c63f99b104400141} 0000:0000 Organization create pending. {  <nil>}}
true,2024-12-09T02:33:16.491021645+09:00,2024-12-09T02:33:16.592327437+09:00,217,101,200,{true {802a2282828be30de6979bb104440114} 0000:0000 Organization create pending. {  <nil>}}
true,2024-12-09T02:33:16.990941723+09:00,2024-12-09T02:33:17.05073215+09:00,218,59,200,{true {00022200820bcb25c63f99b104500008} 0000:0000 Organization create pending. {  <nil>}}
true,2024-12-09T02:33:17.491405379+09:00,2024-12-09T02:33:17.64193824+09:00,219,150,200,{true {802a2282828be30de6979bb104540007} 0000:0000 Organization create pending. {  <nil>}}
true,2024-12-09T02:33:17.990416214+09:00,2024-12-09T02:33:18.141698154+09:00,220,151,200,{true {802a2282828be30de6979bb104555456} 0000:0000 Organization create pending. {  <nil>}}
true,2024-12-09T02:33:18.490224657+09:00,2024-12-09T02:33:18.667827395+09:00,221,177,200,{true {802a2282828be30de6979bb105015414} 0000:0000 Organization create pending. {  <nil>}}
true,2024-12-09T02:33:18.990944517+09:00,2024-12-09T02:33:19.084039882+09:00,222,93,200,{true {802a2282828be30de6979bb105055143} 0000:0000 Organization create pending. {  <nil>}}
true,2024-12-09T02:33:19.490154495+09:00,2024-12-09T02:33:19.742125786+09:00,223,251,200,{true {802a2282828be30de6979bb105115041} 0000:0000 Organization create pending. {  <nil>}}
true,2024-12-09T02:33:19.990838271+09:00,2024-12-09T02:33:20.341719076+09:00,224,350,200,{true {802a2282828be30de6979bb105154547} 0000:0000 Organization create pending. {  <nil>}}
true,2024-12-09T02:33:20.490813456+09:00,2024-12-09T02:33:20.645167369+09:00,225,154,200,{true {00022200820bcb25c63f99b105414512} 0000:0000 Organization create pending. {  <nil>}}
true,2024-12-09T02:33:20.990784824+09:00,2024-12-09T02:33:21.257397258+09:00,226,266,200,{true {00022200820bcb25c63f99b10545440c} 0000:0000 Organization create pending. {  <nil>}}
true,2024-12-09T02:33:21.490561659+09:00,2024-12-09T02:33:21.647611926+09:00,227,157,200,{true {00022200820bcb25c63f99b105514175} 0000:0000 Organization create pending. {  <nil>}}
true,2024-12-09T02:33:21.990996685+09:00,2024-12-09T02:33:22.141856835+09:00,228,150,200,{true {00022200820bcb25c63f99b10555405c} 0000:0000 Organization create pending. {  <nil>}}
true,2024-12-09T02:33:22.490950569+09:00,2024-12-09T02:33:22.64586408+09:00,229,154,200,{true {00022200820bcb25c63f99b110014007} 0000:0000 Organization create pending. {  <nil>}}
true,2024-12-09T02:33:22.991620609+09:00,2024-12-09T02:33:23.441875585+09:00,230,450,200,{true {00022200820bcb25c63f99b11005401a} 0000:0000 Organization create pending. {  <nil>}}
true,2024-12-09T02:33:23.491156523+09:00,2024-12-09T02:33:23.748356513+09:00,231,257,200,{true {802a2282828be30de6979bb11011144e} 0000:0000 Organization create pending. {  <nil>}}
true,2024-12-09T02:33:23.990989915+09:00,2024-12-09T02:33:24.05383056+09:00,232,62,200,{true {00022200820bcb25c63f99b11015115b} 0000:0000 Organization create pending. {  <nil>}}
true,2024-12-09T02:33:24.49048569+09:00,2024-12-09T02:33:24.648154022+09:00,233,157,200,{true {802a2282828be30de6979bb11041110c} 0000:0000 Organization create pending. {  <nil>}}
true,2024-12-09T02:33:24.990742535+09:00,2024-12-09T02:33:25.080466575+09:00,234,89,200,{true {00022200820bcb25c63f99b110451056} 0000:0000 Organization create pending. {  <nil>}}
true,2024-12-09T02:33:25.491176747+09:00,2024-12-09T02:33:25.538737055+09:00,235,47,200,{true {00022200820bcb25c63f99b110510511} 0000:0000 Organization create pending. {  <nil>}}
true,2024-12-09T02:33:25.990071432+09:00,2024-12-09T02:33:26.109819635+09:00,236,119,200,{true {802a2282828be30de6979bb110550556} 0000:0000 Organization create pending. {  <nil>}}
true,2024-12-09T02:33:26.491362341+09:00,2024-12-09T02:33:26.546803316+09:00,237,55,200,{true {00022200820bcb25c63f99b111010147} 0000:0000 Organization create pending. {  <nil>}}
true,2024-12-09T02:33:26.992227882+09:00,2024-12-09T02:33:27.07125736+09:00,238,79,200,{true {00022200820bcb25c63f99b111050154} 0000:0000 Organization create pending. {  <nil>}}
true,2024-12-09T02:33:27.49044698+09:00,2024-12-09T02:33:27.558670118+09:00,239,68,200,{true {00022200820bcb25c63f99b111110044} 0000:0000 Organization create pending. {  <nil>}}
true,2024-12-09T02:33:27.991182398+09:00,2024-12-09T02:33:28.072865339+09:00,240,81,200,{true {802a2282828be30de6979bb111150011} 0000:0000 Organization create pending. {  <nil>}}
true,2024-12-09T02:33:28.490988709+09:00,2024-12-09T02:33:28.535056657+09:00,241,44,200,{true {00022200820bcb25c63f99b111405445} 0000:0000 Organization create pending. {  <nil>}}
true,2024-12-09T02:33:28.990986476+09:00,2024-12-09T02:33:29.055225352+09:00,242,64,200,{true {00022200820bcb25c63f99b111445156} 0000:0000 Organization create pending. {  <nil>}}
true,2024-12-09T02:33:29.491423068+09:00,2024-12-09T02:33:29.571414858+09:00,243,79,200,{true {802a2282828be30de6979bb111505142} 0000:0000 Organization create pending. {  <nil>}}
true,2024-12-09T02:33:29.991057495+09:00,2024-12-09T02:33:30.049497588+09:00,244,58,200,{true {00022200820bcb25c63f99b111545016} 0000:0000 Organization create pending. {  <nil>}}
true,2024-12-09T02:33:30.490947166+09:00,2024-12-09T02:33:30.554901183+09:00,245,63,200,{true {00022200820bcb25c63f99b114004551} 0000:0000 Organization create pending. {  <nil>}}
true,2024-12-09T02:33:30.990237141+09:00,2024-12-09T02:33:31.049980058+09:00,246,59,200,{true {00022200820bcb25c63f99b114044514} 0000:0000 Organization create pending. {  <nil>}}
true,2024-12-09T02:33:31.490047921+09:00,2024-12-09T02:33:31.560450496+09:00,247,70,200,{true {00022200820bcb25c63f99b114104501} 0000:0000 Organization create pending. {  <nil>}}
true,2024-12-09T02:33:31.990507944+09:00,2024-12-09T02:33:32.586678492+09:00,248,596,200,{true {802a2282828be30de6979bb114150141} 0000:0000 Organization create pending. {  <nil>}}
true,2024-12-09T02:33:32.490544992+09:00,2024-12-09T02:33:33.051907742+09:00,249,561,200,{true {00022200820bcb25c63f99b114404440} 0000:0000 Organization create pending. {  <nil>}}
true,2024-12-09T02:33:32.990938203+09:00,2024-12-09T02:33:33.123493292+09:00,250,132,200,{true {00022200820bcb25c63f99b114444558} 0000:0000 Organization create pending. {  <nil>}}
true,2024-12-09T02:33:33.490638734+09:00,2024-12-09T02:33:33.534445243+09:00,251,43,200,{true {00022200820bcb25c63f99b114501501} 0000:0000 Organization create pending. {  <nil>}}
true,2024-12-09T02:33:33.990463972+09:00,2024-12-09T02:33:34.068246227+09:00,252,77,200,{true {00022200820bcb25c63f99b114544001} 0000:0000 Organization create pending. {  <nil>}}
true,2024-12-09T02:33:34.490952378+09:00,2024-12-09T02:33:34.588906196+09:00,253,97,200,{true {802a2282828be30de6979bb115001156} 0000:0000 Organization create pending. {  <nil>}}
true,2024-12-09T02:33:34.991082043+09:00,2024-12-09T02:33:35.043418067+09:00,254,52,200,{true {00022200820bcb25c63f99b115041100} 0000:0000 Organization create pending. {  <nil>}}
true,2024-12-09T02:33:35.490532953+09:00,2024-12-09T02:33:35.578655107+09:00,255,88,200,{true {802a2282828be30de6979bb115101155} 0000:0000 Organization create pending. {  <nil>}}
true,2024-12-09T02:33:35.990398955+09:00,2024-12-09T02:33:36.085980675+09:00,256,95,200,{true {00022200820bcb25c63f99b115140511} 0000:0000 Organization create pending. {  <nil>}}
true,2024-12-09T02:33:36.491242309+09:00,2024-12-09T02:33:36.560085512+09:00,257,68,200,{true {802a2282828be30de6979bb115400505} 0000:0000 Organization create pending. {  <nil>}}
true,2024-12-09T02:33:36.991066962+09:00,2024-12-09T02:33:37.053306518+09:00,258,62,200,{true {802a2282828be30de6979bb115440411} 0000:0000 Organization create pending. {  <nil>}}
true,2024-12-09T02:33:37.490763454+09:00,2024-12-09T02:33:37.549330844+09:00,259,58,200,{true {00022200820bcb25c63f99b115500142} 0000:0000 Organization create pending. {  <nil>}}
true,2024-12-09T02:33:37.991399959+09:00,2024-12-09T02:33:38.043159381+09:00,260,51,200,{true {00022200820bcb25c63f99b115540100} 0000:0000 Organization create pending. {  <nil>}}
true,2024-12-09T02:33:38.490785932+09:00,2024-12-09T02:33:38.555865587+09:00,261,65,200,{true {00022200820bcb25c63f99b115555551} 0000:0000 Organization create pending. {  <nil>}}
true,2024-12-09T02:33:38.990150466+09:00,2024-12-09T02:33:39.077988818+09:00,262,87,200,{true {00022200820bcb25c63f99b140015510} 0000:0000 Organization create pending. {  <nil>}}
true,2024-12-09T02:33:39.490508362+09:00,2024-12-09T02:33:39.556291185+09:00,263,65,200,{true {802a2282828be30de6979bb140055446} 0000:0000 Organization create pending. {  <nil>}}
true,2024-12-09T02:33:39.991647707+09:00,2024-12-09T02:33:40.072300364+09:00,264,80,200,{true {802a2282828be30de6979bb140115415} 0000:0000 Organization create pending. {  <nil>}}
true,2024-12-09T02:33:40.491149439+09:00,2024-12-09T02:33:40.555129517+09:00,265,63,200,{true {802a2282828be30de6979bb140155051} 0000:0000 Organization create pending. {  <nil>}}
true,2024-12-09T02:33:40.991059152+09:00,2024-12-09T02:33:41.096801378+09:00,266,105,200,{true {802a2282828be30de6979bb140415013} 0000:0000 Organization create pending. {  <nil>}}
true,2024-12-09T02:33:41.491080092+09:00,2024-12-09T02:33:41.559523503+09:00,267,68,200,{true {802a2282828be30de6979bb140454545} 0000:0000 Organization create pending. {  <nil>}}
true,2024-12-09T02:33:41.991114188+09:00,2024-12-09T02:33:42.065313485+09:00,268,74,200,{true {802a2282828be30de6979bb140514442} 0000:0000 Organization create pending. {  <nil>}}
true,2024-12-09T02:33:42.490953215+09:00,2024-12-09T02:33:42.845601688+09:00,269,354,200,{true {802a2282828be30de6979bb140554413} 0000:0000 Organization create pending. {  <nil>}}
true,2024-12-09T02:33:42.990855767+09:00,2024-12-09T02:33:43.141236498+09:00,270,150,200,{true {00022200820bcb25c63f99b14101440a} 0000:0000 Organization create pending. {  <nil>}}
true,2024-12-09T02:33:43.49128692+09:00,2024-12-09T02:33:43.541774032+09:00,271,50,200,{true {802a2282828be30de6979bb141054011} 0000:0000 Organization create pending. {  <nil>}}
true,2024-12-09T02:33:43.991172251+09:00,2024-12-09T02:33:44.064944059+09:00,272,73,200,{true {00022200820bcb25c63f99b141114003} 0000:0000 Organization create pending. {  <nil>}}
true,2024-12-09T02:33:44.490037531+09:00,2024-12-09T02:33:44.574477926+09:00,273,84,200,{true {802a2282828be30de6979bb141151511} 0000:0000 Organization create pending. {  <nil>}}
true,2024-12-09T02:33:44.990311901+09:00,2024-12-09T02:33:45.058600664+09:00,274,68,200,{true {802a2282828be30de6979bb141411403} 0000:0000 Organization create pending. {  <nil>}}
true,2024-12-09T02:33:45.490325626+09:00,2024-12-09T02:33:45.545075532+09:00,275,54,200,{true {00022200820bcb25c63f99b141451111} 0000:0000 Organization create pending. {  <nil>}}
true,2024-12-09T02:33:45.990862293+09:00,2024-12-09T02:33:46.13699727+09:00,276,146,200,{true {802a2282828be30de6979bb141511044} 0000:0000 Organization create pending. {  <nil>}}
true,2024-12-09T02:33:46.490387191+09:00,2024-12-09T02:33:46.568451379+09:00,277,78,200,{true {802a2282828be30de6979bb141551046} 0000:0000 Organization create pending. {  <nil>}}
true,2024-12-09T02:33:46.991062645+09:00,2024-12-09T02:33:47.043897323+09:00,278,52,200,{true {802a2282828be30de6979bb144010503} 0000:0000 Organization create pending. {  <nil>}}
true,2024-12-09T02:33:47.490804697+09:00,2024-12-09T02:33:47.573594981+09:00,279,82,200,{true {00022200820bcb25c63f99b14405051b} 0000:0000 Organization create pending. {  <nil>}}
true,2024-12-09T02:33:47.991375485+09:00,2024-12-09T02:33:48.090916626+09:00,280,99,200,{true {802a2282828be30de6979bb144110452} 0000:0000 Organization create pending. {  <nil>}}
true,2024-12-09T02:33:48.490587616+09:00,2024-12-09T02:33:48.553807738+09:00,281,63,200,{true {00022200820bcb25c63f99b144150051} 0000:0000 Organization create pending. {  <nil>}}
true,2024-12-09T02:33:48.990702812+09:00,2024-12-09T02:33:49.053171458+09:00,282,62,200,{true {802a2282828be30de6979bb144410000} 0000:0000 Organization create pending. {  <nil>}}
true,2024-12-09T02:33:49.490906382+09:00,2024-12-09T02:33:49.552343999+09:00,283,61,200,{true {802a2282828be30de6979bb144445515} 0000:0000 Organization create pending. {  <nil>}}
true,2024-12-09T02:33:49.991207382+09:00,2024-12-09T02:33:50.078237894+09:00,284,87,200,{true {00022200820bcb25c63f99b144505446} 0000:0000 Organization create pending. {  <nil>}}
true,2024-12-09T02:33:50.491131599+09:00,2024-12-09T02:33:50.559072965+09:00,285,67,200,{true {802a2282828be30de6979bb144545405} 0000:0000 Organization create pending. {  <nil>}}
true,2024-12-09T02:33:50.991312054+09:00,2024-12-09T02:33:51.035931381+09:00,286,44,200,{true {00022200820bcb25c63f99b145005101} 0000:0000 Organization create pending. {  <nil>}}
true,2024-12-09T02:33:51.491454037+09:00,2024-12-09T02:33:51.583702494+09:00,287,92,200,{true {00022200820bcb25c63f99b145045101} 0000:0000 Organization create pending. {  <nil>}}
true,2024-12-09T02:33:51.990943491+09:00,2024-12-09T02:33:52.238882039+09:00,288,247,200,{true {00022200820bcb25c63f99b145104557} 0000:0000 Organization create pending. {  <nil>}}
true,2024-12-09T02:33:52.491403451+09:00,2024-12-09T02:33:52.745842857+09:00,289,254,200,{true {00022200820bcb25c63f99b145144474} 0000:0000 Organization create pending. {  <nil>}}
true,2024-12-09T02:33:52.991051017+09:00,2024-12-09T02:33:53.055246228+09:00,290,64,200,{true {802a2282828be30de6979bb145404413} 0000:0000 Organization create pending. {  <nil>}}
true,2024-12-09T02:33:53.49086838+09:00,2024-12-09T02:33:53.548313107+09:00,291,57,200,{true {802a2282828be30de6979bb145444174} 0000:0000 Organization create pending. {  <nil>}}
true,2024-12-09T02:33:53.990397993+09:00,2024-12-09T02:33:54.059545329+09:00,292,69,200,{true {00022200820bcb25c63f99b145504109} 0000:0000 Organization create pending. {  <nil>}}
true,2024-12-09T02:33:54.491465037+09:00,2024-12-09T02:33:54.541626502+09:00,293,50,200,{true {802a2282828be30de6979bb145541543} 0000:0000 Organization create pending. {  <nil>}}
true,2024-12-09T02:33:54.991080816+09:00,2024-12-09T02:33:55.050172134+09:00,294,59,200,{true {802a2282828be30de6979bb150001507} 0000:0000 Organization create pending. {  <nil>}}
true,2024-12-09T02:33:55.490535825+09:00,2024-12-09T02:33:55.576188292+09:00,295,85,200,{true {802a2282828be30de6979bb150041556} 0000:0000 Organization create pending. {  <nil>}}
true,2024-12-09T02:33:55.990964184+09:00,2024-12-09T02:33:56.097243023+09:00,296,106,200,{true {802a2282828be30de6979bb150101448} 0000:0000 Organization create pending. {  <nil>}}
true,2024-12-09T02:33:56.491658436+09:00,2024-12-09T02:33:56.600053345+09:00,297,108,200,{true {802a2282828be30de6979bb150141056} 0000:0000 Organization create pending. {  <nil>}}
true,2024-12-09T02:33:56.990967231+09:00,2024-12-09T02:33:57.05933286+09:00,298,68,200,{true {802a2282828be30de6979bb15040055d} 0000:0000 Organization create pending. {  <nil>}}
true,2024-12-09T02:33:57.490000783+09:00,2024-12-09T02:33:57.54414476+09:00,299,54,200,{true {802a2282828be30de6979bb150440504} 0000:0000 Organization create pending. {  <nil>}}
true,2024-12-09T02:33:57.990450106+09:00,2024-12-09T02:33:58.053369503+09:00,300,62,200,{true {00022200820bcb25c63f99b150500503} 0000:0000 Organization create pending. {  <nil>}}
true,2024-12-09T02:33:58.490973256+09:00,2024-12-09T02:33:58.542060983+09:00,301,51,200,{true {802a2282828be30de6979bb150540142} 0000:0000 Organization create pending. {  <nil>}}
true,2024-12-09T02:33:58.990207867+09:00,2024-12-09T02:33:59.063223959+09:00,302,73,200,{true {802a2282828be30de6979bb151000110} 0000:0000 Organization create pending. {  <nil>}}
true,2024-12-09T02:33:59.490771217+09:00,2024-12-09T02:33:59.564061266+09:00,303,73,200,{true {802a2282828be30de6979bb151040105} 0000:0000 Organization create pending. {  <nil>}}
true,2024-12-09T02:33:59.990291382+09:00,2024-12-09T02:34:00.060818666+09:00,304,70,200,{true {802a2282828be30de6979bb151055545} 0000:0000 Organization create pending. {  <nil>}}
true,2024-12-09T02:34:00.490699748+09:00,2024-12-09T02:34:00.546422108+09:00,305,55,200,{true {802a2282828be30de6979bb151115443} 0000:0000 Organization create pending. {  <nil>}}
true,2024-12-09T02:34:00.990699854+09:00,2024-12-09T02:34:01.113967964+09:00,306,123,200,{true {802a2282828be30de6979bb151155414} 0000:0000 Organization create pending. {  <nil>}}
true,2024-12-09T02:34:01.490471987+09:00,2024-12-09T02:34:01.603280333+09:00,307,112,200,{true {00022200820bcb25c63f99b151415455} 0000:0000 Organization create pending. {  <nil>}}
true,2024-12-09T02:34:01.990883816+09:00,2024-12-09T02:34:02.255765326+09:00,308,264,200,{true {802a2282828be30de6979bb151455100} 0000:0000 Organization create pending. {  <nil>}}
true,2024-12-09T02:34:02.490750186+09:00,2024-12-09T02:34:02.85109114+09:00,309,360,200,{true {802a2282828be30de6979bb151515100} 0000:0000 Organization create pending. {  <nil>}}
true,2024-12-09T02:34:02.990682292+09:00,2024-12-09T02:34:03.240531304+09:00,310,249,200,{true {802a2282828be30de6979bb15155451a} 0000:0000 Organization create pending. {  <nil>}}
true,2024-12-09T02:34:03.490720531+09:00,2024-12-09T02:34:03.553399741+09:00,311,62,200,{true {802a2282828be30de6979bb154014448} 0000:0000 Organization create pending. {  <nil>}}
true,2024-12-09T02:34:03.991692576+09:00,2024-12-09T02:34:04.062928219+09:00,312,71,200,{true {00022200820bcb25c63f99b154054410} 0000:0000 Organization create pending. {  <nil>}}
true,2024-12-09T02:34:04.490754198+09:00,2024-12-09T02:34:04.536079364+09:00,313,45,200,{true {802a2282828be30de6979bb154114044} 0000:0000 Organization create pending. {  <nil>}}
true,2024-12-09T02:34:04.991560662+09:00,2024-12-09T02:34:05.091280873+09:00,314,99,200,{true {802a2282828be30de6979bb154154054} 0000:0000 Organization create pending. {  <nil>}}
true,2024-12-09T02:34:05.491965851+09:00,2024-12-09T02:34:05.550417135+09:00,315,58,200,{true {802a2282828be30de6979bb154411552} 0000:0000 Organization create pending. {  <nil>}}
true,2024-12-09T02:34:05.991225122+09:00,2024-12-09T02:34:06.110101144+09:00,316,118,200,{true {802a2282828be30de6979bb154451441} 0000:0000 Organization create pending. {  <nil>}}
true,2024-12-09T02:34:06.490195458+09:00,2024-12-09T02:34:06.597986079+09:00,317,107,200,{true {802a2282828be30de6979bb154511504} 0000:0000 Organization create pending. {  <nil>}}
true,2024-12-09T02:34:06.991160624+09:00,2024-12-09T02:34:07.036779832+09:00,318,45,200,{true {802a2282828be30de6979bb154551050} 0000:0000 Organization create pending. {  <nil>}}
true,2024-12-09T02:34:07.490891678+09:00,2024-12-09T02:34:07.576989999+09:00,319,86,200,{true {802a2282828be30de6979bb155011014} 0000:0000 Organization create pending. {  <nil>}}
true,2024-12-09T02:34:07.991225033+09:00,2024-12-09T02:34:08.05163265+09:00,320,60,200,{true {802a2282828be30de6979bb155050552} 0000:0000 Organization create pending. {  <nil>}}
true,2024-12-09T02:34:08.490835644+09:00,2024-12-09T02:34:08.550015823+09:00,321,59,200,{true {00022200820bcb25c63f99b155110504} 0000:0000 Organization create pending. {  <nil>}}
true,2024-12-09T02:34:08.990790436+09:00,2024-12-09T02:34:09.071927886+09:00,322,81,200,{true {802a2282828be30de6979bb155150151} 0000:0000 Organization create pending. {  <nil>}}
true,2024-12-09T02:34:09.491465245+09:00,2024-12-09T02:34:09.551051852+09:00,323,59,200,{true {00022200820bcb25c63f99b155410102} 0000:0000 Organization create pending. {  <nil>}}
true,2024-12-09T02:34:09.991218819+09:00,2024-12-09T02:34:10.077958977+09:00,324,86,200,{true {00022200820bcb25c63f99b155450104} 0000:0000 Organization create pending. {  <nil>}}
true,2024-12-09T02:34:10.491556017+09:00,2024-12-09T02:34:10.567167709+09:00,325,75,200,{true {00022200820bcb25c63f99b155510057} 0000:0000 Organization create pending. {  <nil>}}
true,2024-12-09T02:34:10.991457527+09:00,2024-12-09T02:34:11.051422942+09:00,326,59,200,{true {00022200820bcb25c63f99b155545504} 0000:0000 Organization create pending. {  <nil>}}
true,2024-12-09T02:34:11.49038212+09:00,2024-12-09T02:34:11.55656518+09:00,327,66,200,{true {00022200820bcb25c63f99b400005415} 0000:0000 Organization create pending. {  <nil>}}
true,2024-12-09T02:34:11.990218374+09:00,2024-12-09T02:34:12.258011929+09:00,328,267,200,{true {802a2282828be30de6979bb400045110} 0000:0000 Organization create pending. {  <nil>}}
true,2024-12-09T02:34:12.490644068+09:00,2024-12-09T02:34:12.741790602+09:00,329,251,200,{true {802a2282828be30de6979bb400105402} 0000:0000 Organization create pending. {  <nil>}}
true,2024-12-09T02:34:12.991247863+09:00,2024-12-09T02:34:13.145569835+09:00,330,154,200,{true {00022200820bcb25c63f99b400145051} 0000:0000 Organization create pending. {  <nil>}}
true,2024-12-09T02:34:13.490137217+09:00,2024-12-09T02:34:13.570999157+09:00,331,80,200,{true {00022200820bcb25c63f99b400405005} 0000:0000 Organization create pending. {  <nil>}}
true,2024-12-09T02:34:13.991114278+09:00,2024-12-09T02:34:14.046284666+09:00,332,55,200,{true {00022200820bcb25c63f99b400444444} 0000:0000 Organization create pending. {  <nil>}}
true,2024-12-09T02:34:14.49091374+09:00,2024-12-09T02:34:14.552363118+09:00,333,61,200,{true {802a2282828be30de6979bb400504412} 0000:0000 Organization create pending. {  <nil>}}
true,2024-12-09T02:34:14.990680882+09:00,2024-12-09T02:34:15.089781063+09:00,334,99,200,{true {00022200820bcb25c63f99b400544140} 0000:0000 Organization create pending. {  <nil>}}
true,2024-12-09T02:34:15.490139354+09:00,2024-12-09T02:34:15.544382549+09:00,335,54,200,{true {802a2282828be30de6979bb401004040} 0000:0000 Organization create pending. {  <nil>}}
true,2024-12-09T02:34:15.990406347+09:00,2024-12-09T02:34:16.100938687+09:00,336,110,200,{true {802a2282828be30de6979bb401044006} 0000:0000 Organization create pending. {  <nil>}}
true,2024-12-09T02:34:16.490115981+09:00,2024-12-09T02:34:16.550551727+09:00,337,60,200,{true {00022200820bcb25c63f99b401101441} 0000:0000 Organization create pending. {  <nil>}}
true,2024-12-09T02:34:16.991047628+09:00,2024-12-09T02:34:17.038427624+09:00,338,47,200,{true {00022200820bcb25c63f99b401141400} 0000:0000 Organization create pending. {  <nil>}}
true,2024-12-09T02:34:17.490726508+09:00,2024-12-09T02:34:17.54646963+09:00,339,55,200,{true {00022200820bcb25c63f99b401401153} 0000:0000 Organization create pending. {  <nil>}}
true,2024-12-09T02:34:17.991317501+09:00,2024-12-09T02:34:18.075139298+09:00,340,83,200,{true {00022200820bcb25c63f99b401441155} 0000:0000 Organization create pending. {  <nil>}}
true,2024-12-09T02:34:18.490647561+09:00,2024-12-09T02:34:18.569956073+09:00,341,79,200,{true {00022200820bcb25c63f99b401501102} 0000:0000 Organization create pending. {  <nil>}}
true,2024-12-09T02:34:18.99131866+09:00,2024-12-09T02:34:19.061128328+09:00,342,69,200,{true {802a2282828be30de6979bb401540548} 0000:0000 Organization create pending. {  <nil>}}
true,2024-12-09T02:34:19.490420372+09:00,2024-12-09T02:34:19.588506874+09:00,343,98,200,{true {00022200820bcb25c63f99b404000449} 0000:0000 Organization create pending. {  <nil>}}
true,2024-12-09T02:34:19.990490999+09:00,2024-12-09T02:34:20.056459782+09:00,344,65,200,{true {802a2282828be30de6979bb404040440} 0000:0000 Organization create pending. {  <nil>}}
true,2024-12-09T02:34:20.491359778+09:00,2024-12-09T02:34:20.54526728+09:00,345,53,200,{true {00022200820bcb25c63f99b404100056} 0000:0000 Organization create pending. {  <nil>}}
true,2024-12-09T02:34:20.991313363+09:00,2024-12-09T02:34:21.05185916+09:00,346,60,200,{true {00022200820bcb25c63f99b404140044} 0000:0000 Organization create pending. {  <nil>}}
true,2024-12-09T02:34:21.491015271+09:00,2024-12-09T02:34:21.584590447+09:00,347,93,200,{true {00022200820bcb25c63f99b40440005f} 0000:0000 Organization create pending. {  <nil>}}
true,2024-12-09T02:34:21.990057802+09:00,2024-12-09T02:34:22.14892433+09:00,348,158,200,{true {802a2282828be30de6979bb404415415} 0000:0000 Organization create pending. {  <nil>}}
true,2024-12-09T02:34:22.491328496+09:00,2024-12-09T02:34:22.74592826+09:00,349,254,200,{true {802a2282828be30de6979bb404455443} 0000:0000 Organization create pending. {  <nil>}}
true,2024-12-09T02:34:22.990886653+09:00,2024-12-09T02:34:23.145210788+09:00,350,154,200,{true {00022200820bcb25c63f99b404515111} 0000:0000 Organization create pending. {  <nil>}}
true,2024-12-09T02:34:23.490981218+09:00,2024-12-09T02:34:23.580704359+09:00,351,89,200,{true {00022200820bcb25c63f99b404555142} 0000:0000 Organization create pending. {  <nil>}}
true,2024-12-09T02:34:23.991171621+09:00,2024-12-09T02:34:24.038936859+09:00,352,47,200,{true {802a2282828be30de6979bb405014540} 0000:0000 Organization create pending. {  <nil>}}
true,2024-12-09T02:34:24.490766714+09:00,2024-12-09T02:34:24.545078174+09:00,353,54,200,{true {802a2282828be30de6979bb405054443} 0000:0000 Organization create pending. {  <nil>}}
true,2024-12-09T02:34:24.990391248+09:00,2024-12-09T02:34:25.07221518+09:00,354,81,200,{true {00022200820bcb25c63f99b40511441e} 0000:0000 Organization create pending. {  <nil>}}
true,2024-12-09T02:34:25.49088764+09:00,2024-12-09T02:34:25.542362933+09:00,355,51,200,{true {00022200820bcb25c63f99b405154113} 0000:0000 Organization create pending. {  <nil>}}
true,2024-12-09T02:34:25.991216901+09:00,2024-12-09T02:34:26.092220143+09:00,356,101,200,{true {802a2282828be30de6979bb405414444} 0000:0000 Organization create pending. {  <nil>}}
true,2024-12-09T02:34:26.491055026+09:00,2024-12-09T02:34:26.599923115+09:00,357,108,200,{true {802a2282828be30de6979bb405454414} 0000:0000 Organization create pending. {  <nil>}}
true,2024-12-09T02:34:26.990996116+09:00,2024-12-09T02:34:27.055174138+09:00,358,64,200,{true {00022200820bcb25c63f99b405511552} 0000:0000 Organization create pending. {  <nil>}}
true,2024-12-09T02:34:27.49128235+09:00,2024-12-09T02:34:27.572537685+09:00,359,81,200,{true {00022200820bcb25c63f99b405551508} 0000:0000 Organization create pending. {  <nil>}}
